"LabID","Brix"
62698,-0.475215146299484
33951,-0.5
56153,-0.48382099827883
49329,-0.485197934595525
18182,-0.481669535283993
49329,-0.485197934595525
44978,-0.475301204819277
6936,-0.483304647160069
33951,-0.5
34736,-0.480722891566265
51856,-0.481325301204819
34736,-0.480722891566265
25578,-0.489242685025818
34736,-0.480722891566265
51856,-0.481325301204819
45668,-0.476419965576592
61452,-0.476419965576592
25578,-0.489242685025818
25578,-0.489242685025818
39590,-0.484595524956971
25578,-0.489242685025818
48503,-0.485197934595525
6936,-0.483304647160069
58325,-0.492598967297762
6037,-0.475817555938038
49329,-0.485197934595525
18182,-0.481669535283993
51856,-0.481325301204819
6037,-0.475817555938038
62698,-0.475215146299484
25578,-0.489242685025818
39590,-0.484595524956971
62698,-0.475215146299484
25578,-0.489242685025818
61452,-0.476419965576592
58325,-0.492598967297762
62698,-0.475215146299484
18182,-0.481669535283993
49329,-0.485197934595525
49329,-0.485197934595525
45668,-0.476419965576592
18959,-0.487521514629948
61452,-0.476419965576592
45668,-0.476419965576592
56153,-0.48382099827883
44978,-0.475301204819277
58325,-0.492598967297762
20162,-0.492685025817556
46771,-0.479001721170396
26458,-0.487865748709122
58595,-0.450516351118761
24506,-0.472719449225473
27726,-0.461531841652324
51370,-0.462306368330465
50982,-0.452753872633391
9892,-0.467728055077453
21633,-0.454819277108434
10706,-0.463855421686747
45826,-0.473149741824441
1904,-0.456368330464716
59033,-0.454819277108434
25980,-0.47263339070568
25980,-0.47263339070568
12474,-0.461101549053356
22513,-0.450344234079174
14736,-0.461359724612737
51370,-0.462306368330465
11561,-0.459982788296041
18611,-0.472289156626506
13191,-0.453700516351119
51824,-0.464543889845095
58595,-0.450516351118761
58447,-0.46368330464716
26056,-0.454819277108434
9892,-0.467728055077453
9229,-0.462650602409639
10706,-0.463855421686747
62209,-0.471944922547332
18354,-0.470567986230637
51824,-0.464543889845095
44311,-0.456110154905336
51824,-0.464543889845095
56077,-0.460585197934596
22513,-0.450344234079174
56077,-0.460585197934596
44311,-0.456110154905336
14736,-0.461359724612737
56077,-0.460585197934596
11561,-0.459982788296041
48696,-0.469707401032702
11561,-0.459982788296041
47138,-0.466609294320138
61443,-0.461273666092943
59587,-0.465404475043029
61443,-0.461273666092943
50982,-0.452753872633391
61443,-0.461273666092943
26358,-0.462134251290878
12474,-0.461101549053356
14715,-0.469879518072289
23461,-0.42736660929432
4700,-0.432874354561102
62817,-0.425645438898451
62070,-0.438726333907057
51431,-0.429690189328744
62817,-0.425645438898451
43164,-0.436919104991394
58184,-0.434681583476764
58184,-0.434681583476764
34121,-0.434767641996558
39351,-0.434251290877797
4700,-0.432874354561102
59653,-0.440103270223752
60081,-0.43382099827883
58798,-0.435370051635112
34830,-0.431239242685026
13062,-0.444406196213425
49638,-0.426592082616179
65232,-0.432358003442341
60081,-0.43382099827883
63964,-0.438898450946644
29842,-0.440963855421687
46074,-0.448795180722892
63964,-0.438898450946644
46010,-0.442512908777969
56240,-0.44776247848537
53723,-0.449053356282272
24557,-0.439328743545611
3613,-0.426592082616179
20891,-0.427194492254733
20891,-0.427194492254733
13204,-0.44802065404475
47472,-0.439328743545611
27113,-0.438037865748709
55689,-0.434509466437177
22269,-0.430292598967298
32502,-0.427280550774527
62123,-0.427969018932874
25475,-0.440017211703959
51431,-0.429690189328744
48423,-0.430722891566265
18730,-0.437177280550775
62338,-0.442598967297762
34121,-0.434767641996558
28850,-0.447934595524957
34121,-0.434767641996558
25475,-0.440017211703959
51431,-0.429690189328744
29842,-0.440963855421687
64388,-0.427624784853701
56633,-0.407314974182444
38762,-0.412306368330465
5857,-0.422203098106713
5860,-0.404819277108434
16610,-0.410499139414802
11058,-0.416437177280551
24414,-0.409466437177281
51214,-0.424526678141136
19085,-0.402925989672978
43452,-0.406110154905336
11866,-0.411876075731497
62159,-0.414457831325301
39328,-0.422547332185886
11444,-0.412048192771084
23538,-0.400172117039587
19388,-0.421342512908778
37879,-0.405851979345955
58893,-0.410671256454389
65166,-0.423666092943201
24414,-0.409466437177281
32141,-0.421342512908778
22130,-0.421772805507745
11058,-0.416437177280551
31164,-0.418244406196214
24163,-0.414629948364888
48274,-0.414888123924269
12952,-0.410068846815835
48813,-0.423149741824441
57469,-0.418072289156627
51346,-0.40249569707401
28099,-0.40473321858864
10517,-0.405851979345955
11444,-0.412048192771084
37644,-0.414543889845095
31995,-0.409810671256454
41281,-0.423407917383821
24252,-0.417814113597246
32141,-0.421342512908778
35305,-0.417039586919105
6795,-0.424698795180723
65029,-0.40447504302926
24163,-0.414629948364888
365,-0.423493975903614
43566,-0.419363166953528
57469,-0.418072289156627
31135,-0.421686746987952
5435,-0.400946643717728
12837,-0.413511187607573
22130,-0.421772805507745
39284,-0.42289156626506
5138,-0.377452667814113
39745,-0.398106712564544
3675,-0.399139414802065
9969,-0.375989672977625
32472,-0.396127366609294
46639,-0.387865748709122
48525,-0.393631669535284
1856,-0.379087779690189
13623,-0.387349397590361
15989,-0.399569707401033
58062,-0.385800344234079
544,-0.399655765920826
50623,-0.376247848537005
51959,-0.381927710843374
53932,-0.396127366609294
11084,-0.383046471600688
3488,-0.397418244406196
26154,-0.398967297762478
53131,-0.394320137693632
14480,-0.379776247848537
1416,-0.387005163511188
34753,-0.386144578313253
9635,-0.392857142857143
58480,-0.385197934595525
51984,-0.396557659208262
22487,-0.38184165232358
51959,-0.381927710843374
57648,-0.376678141135973
43139,-0.376247848537005
42536,-0.384681583476764
28796,-0.393201376936317
42466,-0.392426850258176
34513,-0.385972461273666
38623,-0.386144578313253
41323,-0.396557659208262
31933,-0.393975903614458
40392,-0.394578313253012
9969,-0.375989672977625
34513,-0.385972461273666
52954,-0.396557659208262
57932,-0.388898450946644
34402,-0.377194492254733
19425,-0.383993115318416
27170,-0.378141135972461
4279,-0.396471600688468
51270,-0.390361445783133
59928,-0.389328743545611
38623,-0.386144578313253
53131,-0.394320137693632
53335,-0.399655765920826
23992,-0.360240963855422
59686,-0.374010327022375
40291,-0.364027538726334
51524,-0.369965576592083
28478,-0.369965576592083
52774,-0.362306368330465
20656,-0.358777969018933
21047,-0.355851979345955
31741,-0.374784853700516
29452,-0.355507745266781
51524,-0.369965576592083
15623,-0.353614457831325
18641,-0.359638554216868
25142,-0.373149741824441
34336,-0.361015490533563
27427,-0.351549053356282
54380,-0.356884681583477
25167,-0.352065404475043
46871,-0.374182444061962
39098,-0.352925989672978
36587,-0.351290877796902
17288,-0.355593803786575
27879,-0.364974182444062
3404,-0.354044750430293
3132,-0.351462994836489
63052,-0.368846815834768
38249,-0.352581755593804
29313,-0.363080895008606
63744,-0.352065404475043
25901,-0.362306368330465
42334,-0.364457831325301
60553,-0.36118760757315
10429,-0.374268502581756
25140,-0.357487091222031
32258,-0.352065404475043
13896,-0.36144578313253
54208,-0.357056798623064
45093,-0.357487091222031
8101,-0.371600688468158
24655,-0.351979345955249
25140,-0.357487091222031
25142,-0.373149741824441
35966,-0.368674698795181
44104,-0.371170395869191
32258,-0.352065404475043
28130,-0.351635111876076
55633,-0.368846815834768
9003,-0.35473321858864
31741,-0.374784853700516
7497,-0.366523235800344
26019,-0.329173838209983
46311,-0.333046471600689
27204,-0.332271944922547
52092,-0.33184165232358
32715,-0.342512908777969
34182,-0.342598967297763
28452,-0.326161790017212
14196,-0.342082616179002
64799,-0.349397590361446
36363,-0.340963855421687
53325,-0.339500860585198
43686,-0.347418244406196
49703,-0.347676419965577
63145,-0.326161790017212
14320,-0.338123924268503
53563,-0.33382099827883
37301,-0.338468158347676
61962,-0.329862306368331
24946,-0.334251290877797
35643,-0.339586919104992
4282,-0.330378657487091
60790,-0.338898450946644
53325,-0.339500860585198
18712,-0.335972461273666
14090,-0.331927710843373
51533,-0.341222030981067
24993,-0.334251290877797
13427,-0.343373493975904
25320,-0.330722891566265
59241,-0.340017211703959
46671,-0.333562822719449
41260,-0.349569707401033
51268,-0.334165232358004
40886,-0.343201376936317
44982,-0.325645438898451
16498,-0.332358003442341
14090,-0.331927710843373
64802,-0.329862306368331
27204,-0.332271944922547
38778,-0.342168674698795
22247,-0.33407917383821
41989,-0.333132530120482
35046,-0.328055077452668
52092,-0.33184165232358
27258,-0.345955249569707
54346,-0.337263339070568
61539,-0.334853700516351
14320,-0.338123924268503
32344,-0.327452667814114
44982,-0.325645438898451
19505,-0.305593803786575
46955,-0.305851979345955
20176,-0.309036144578313
40266,-0.322547332185886
38666,-0.304044750430293
61034,-0.307142857142857
22104,-0.316006884681583
60655,-0.319793459552496
140,-0.303184165232358
65172,-0.305421686746988
48271,-0.308777969018933
9038,-0.301118760757315
61709,-0.321256454388985
3124,-0.30223752151463
37309,-0.312306368330465
54443,-0.311531841652324
20189,-0.31617900172117
62529,-0.319277108433735
20562,-0.304044750430293
35477,-0.323924268502582
33956,-0.324956970740103
22104,-0.316006884681583
62854,-0.301118760757315
40644,-0.308864027538726
6279,-0.321342512908778
8492,-0.313339070567986
65122,-0.320309810671257
57518,-0.323924268502582
31514,-0.317297762478485
16776,-0.300602409638554
28335,-0.308864027538726
29072,-0.317469879518072
55768,-0.319018932874355
11863,-0.307228915662651
47338,-0.319104991394148
42726,-0.320998278829604
15025,-0.306798623063683
2360,-0.311273666092943
13175,-0.303786574870912
46993,-0.308003442340792
7446,-0.303528399311532
13326,-0.301204819277108
65060,-0.323407917383821
40644,-0.308864027538726
19130,-0.324182444061962
3804,-0.324956970740103
48507,-0.307659208261618
54833,-0.31617900172117
73,-0.323149741824441
31788,-0.313769363166954
23640,-0.298881239242685
10843,-0.276333907056799
47461,-0.278657487091222
49897,-0.287693631669535
57691,-0.28407917383821
34934,-0.293115318416523
10186,-0.289672977624785
28777,-0.277710843373494
34649,-0.289328743545611
33918,-0.281755593803787
36596,-0.286746987951807
51706,-0.283648881239243
54829,-0.294922547332186
26463,-0.28605851979346
3173,-0.280206540447504
38099,-0.291566265060241
4485,-0.275903614457831
1552,-0.285628227194492
45449,-0.290619621342513
51405,-0.286919104991394
5994,-0.299655765920826
43124,-0.289672977624785
39336,-0.290619621342513
6365,-0.289500860585198
36871,-0.280981067125645
9260,-0.289156626506024
24777,-0.295611015490534
9848,-0.285025817555938
41535,-0.282185886402754
27007,-0.292168674698795
46646,-0.278055077452668
64389,-0.282702237521515
47437,-0.285972461273666
7290,-0.27736660929432
48449,-0.288726333907057
44207,-0.279776247848537
62177,-0.299913941480206
22748,-0.293373493975904
17470,-0.296557659208262
35871,-0.278485370051635
45438,-0.282702237521515
8952,-0.283390705679862
65137,-0.275903614457831
57691,-0.28407917383821
28795,-0.278915662650602
24953,-0.277882960413081
56983,-0.295180722891566
31290,-0.278313253012048
23640,-0.298881239242685
59800,-0.291996557659208
28972,-0.25
10278,-0.271772805507745
56088,-0.260757314974182
32996,-0.268846815834768
37831,-0.259552495697074
47377,-0.261015490533563
53743,-0.252065404475043
47290,-0.25025817555938
44559,-0.263339070567986
31498,-0.254130808950086
20266,-0.272461273666093
1890,-0.256368330464716
27703,-0.253528399311532
14084,-0.257314974182444
30948,-0.255335628227195
57580,-0.257573149741825
32956,-0.252323580034424
16785,-0.255507745266781
18723,-0.268760757314974
55343,-0.251376936316695
11593,-0.256626506024096
51872,-0.254905335628227
25056,-0.253872633390706
19913,-0.268846815834768
10680,-0.255679862306368
44397,-0.255938037865749
61415,-0.251032702237522
13549,-0.252753872633391
2892,-0.270912220309811
31578,-0.267125645438898
33051,-0.252839931153184
53692,-0.262134251290878
5819,-0.267383820998279
34135,-0.267469879518072
2574,-0.268674698795181
19430,-0.2723752151463
28821,-0.257831325301205
63118,-0.265490533562823
11035,-0.25025817555938
50660,-0.265232358003442
16270,-0.255421686746988
31170,-0.270223752151463
13210,-0.270309810671257
27550,-0.262134251290878
61015,-0.26592082616179
28457,-0.26394148020654
50049,-0.26170395869191
39824,-0.267986230636833
28460,-0.255163511187607
13661,-0.258519793459553
64153,-0.228055077452668
58145,-0.235197934595525
31828,-0.238726333907057
2723,-0.249913941480206
14005,-0.225903614457831
60423,-0.238726333907057
48292,-0.23829604130809
13052,-0.234423407917384
32414,-0.233562822719449
40072,-0.24552495697074
3853,-0.238468158347676
59096,-0.237005163511188
51775,-0.240963855421687
3810,-0.22710843373494
18169,-0.226592082616179
57593,-0.242426850258176
23756,-0.234939759036145
51598,-0.231755593803787
5147,-0.23657487091222
42175,-0.240877796901893
5889,-0.232444061962134
62047,-0.236833046471601
46759,-0.238984509466437
6744,-0.234337349397591
31249,-0.241738382099828
64132,-0.237693631669535
11542,-0.239070567986231
15413,-0.246127366609294
2288,-0.246815834767642
49348,-0.227452667814114
7828,-0.228055077452668
3735,-0.243975903614458
9696,-0.243373493975904
32435,-0.227022375215146
38670,-0.239242685025818
23546,-0.225559380378658
43598,-0.237263339070568
30697,-0.230895008605852
2396,-0.234939759036145
17046,-0.238123924268502
12467,-0.249397590361446
61162,-0.249569707401033
44619,-0.232358003442341
10784,-0.24802065404475
17733,-0.249225473321859
60395,-0.248623063683305
52314,-0.228743545611016
27032,-0.239672977624785
27318,-0.231497418244406
45771,-0.240963855421687
22342,-0.218502581755594
54125,-0.201376936316695
46208,-0.217383820998279
51177,-0.222030981067126
59677,-0.212134251290878
16649,-0.223493975903615
49163,-0.215404475043029
26198,-0.207401032702237
54656,-0.223149741824441
23396,-0.20671256454389
48122,-0.217297762478485
51988,-0.220826161790017
43335,-0.209036144578313
16189,-0.221170395869191
54965,-0.200516351118761
66,-0.223235800344234
60533,-0.202409638554217
21876,-0.207314974182444
27256,-0.207573149741825
11072,-0.2
18311,-0.204302925989673
32602,-0.203442340791738
55717,-0.223838209982788
15001,-0.205507745266782
6516,-0.200086058519793
7085,-0.201893287435456
30494,-0.224612736660929
43603,-0.221256454388985
27336,-0.223235800344234
57961,-0.219621342512909
53827,-0.211876075731497
5585,-0.22065404475043
61233,-0.200688468158348
2571,-0.220826161790017
31817,-0.2092082616179
26433,-0.20223752151463
25409,-0.206196213425129
11560,-0.211101549053356
34321,-0.216265060240964
26257,-0.210929432013769
58174,-0.222375215146299
29323,-0.217986230636833
24328,-0.217469879518072
5137,-0.206454388984509
57014,-0.209380378657487
29263,-0.202323580034424
35569,-0.211876075731497
39174,-0.206798623063683
41640,-0.219535283993115
20272,-0.220740103270224
31640,-0.178313253012048
22671,-0.197246127366609
48641,-0.175473321858864
32076,-0.183132530120482
64700,-0.180120481927711
47492,-0.179432013769363
8095,-0.191996557659208
9379,-0.194406196213425
44426,-0.189586919104991
6505,-0.193373493975904
11546,-0.176419965576592
2335,-0.175215146299484
3425,-0.180034423407918
60241,-0.193717728055077
48106,-0.182702237521515
6142,-0.19974182444062
43129,-0.175817555938038
35467,-0.195094664371773
33178,-0.199139414802065
44634,-0.181411359724613
35467,-0.195094664371773
60645,-0.188898450946644
42919,-0.189931153184165
32429,-0.193459552495697
53736,-0.191480206540448
7934,-0.178915662650602
21775,-0.179432013769363
6142,-0.19974182444062
7615,-0.188382099827883
64058,-0.181669535283993
26002,-0.199827882960413
41746,-0.179690189328744
29229,-0.191394148020654
53266,-0.175215146299484
8336,-0.185714285714286
40676,-0.180550774526678
58190,-0.187263339070568
51973,-0.19974182444062
15213,-0.195955249569707
5655,-0.181669535283993
46091,-0.181067125645439
41368,-0.17960413080895
51973,-0.19974182444062
16595,-0.187865748709122
56221,-0.179001721170396
57417,-0.175387263339071
4389,-0.192512908777969
40351,-0.189931153184165
43103,-0.181239242685026
36940,-0.175387263339071
34603,-0.171342512908778
37791,-0.153528399311532
41172,-0.163511187607573
59750,-0.152925989672978
25896,-0.161273666092943
11311,-0.165146299483649
26783,-0.169621342512909
53518,-0.172719449225473
6629,-0.173235800344234
45261,-0.171944922547332
55774,-0.155765920826162
40027,-0.15447504302926
48860,-0.155765920826162
25894,-0.157573149741824
26312,-0.174354561101549
4376,-0.168072289156626
4038,-0.170223752151463
11839,-0.152065404475043
28520,-0.170740103270224
64670,-0.166437177280551
29199,-0.155679862306368
28395,-0.153184165232358
61079,-0.153958691910499
34603,-0.171342512908778
47067,-0.1592082616179
29628,-0.151118760757315
13796,-0.166609294320138
29199,-0.155679862306368
55245,-0.151204819277108
8876,-0.171772805507745
62818,-0.174268502581756
42847,-0.163597246127367
31585,-0.152925989672978
15815,-0.151549053356282
20540,-0.157314974182444
12906,-0.150344234079174
25419,-0.156540447504303
57321,-0.151032702237522
53992,-0.161962134251291
25561,-0.167555938037866
22960,-0.17065404475043
6476,-0.173321858864027
402,-0.15223752151463
59557,-0.170567986230637
44176,-0.156884681583477
64856,-0.174268502581756
15256,-0.171342512908778
18879,-0.174698795180723
29449,-0.152581755593804
40553,-0.163339070567986
34466,-0.148364888123924
46403,-0.139070567986231
19573,-0.144836488812392
2559,-0.128829604130809
41121,-0.135197934595525
53124,-0.143803786574871
36817,-0.13407917383821
6710,-0.142254733218589
45009,-0.130206540447504
11028,-0.143459552495697
3356,-0.143975903614458
59095,-0.134165232358003
4435,-0.137693631669535
21001,-0.140619621342513
58040,-0.127452667814114
33352,-0.136488812392427
33834,-0.12986230636833
57885,-0.144664371772806
51578,-0.141135972461274
52145,-0.144836488812392
57626,-0.144320137693632
29325,-0.144664371772806
6832,-0.139759036144578
40987,-0.130722891566265
5861,-0.133304647160069
52322,-0.137951807228916
46629,-0.133390705679862
30200,-0.13631669535284
20725,-0.148967297762479
14110,-0.148967297762479
6466,-0.143459552495697
58399,-0.128915662650602
44125,-0.147332185886403
35967,-0.131497418244406
38104,-0.134595524956971
27896,-0.144320137693632
16260,-0.14277108433735
37758,-0.149397590361446
52516,-0.12934595524957
24484,-0.148364888123924
59849,-0.142598967297762
34637,-0.149483648881239
10371,-0.12710843373494
52265,-0.133390705679862
52022,-0.131067125645439
3665,-0.136488812392427
14759,-0.146643717728055
26416,-0.142512908777969
34241,-0.133046471600688
56991,-0.14354561101549
52851,-0.109466437177281
547,-0.100516351118761
51768,-0.105077452667814
3741,-0.100946643717728
18575,-0.117297762478485
36320,-0.119965576592083
20053,-0.121858864027539
27993,-0.101118760757315
34976,-0.101376936316695
60740,-0.116006884681584
52323,-0.11566265060241
57093,-0.113339070567986
44036,-0.105335628227194
53792,-0.105507745266782
18763,-0.103958691910499
25835,-0.116092943201377
60728,-0.11394148020654
17910,-0.119363166953528
19656,-0.11617900172117
57415,-0.110843373493976
34195,-0.120912220309811
36806,-0.111876075731497
4487,-0.121514629948365
17429,-0.12065404475043
40300,-0.100172117039587
30728,-0.10671256454389
31620,-0.101462994836489
37432,-0.118502581755594
31134,-0.117125645438898
15969,-0.119535283993115
22363,-0.111790017211704
32697,-0.102409638554217
3097,-0.109294320137694
1223,-0.109638554216867
20925,-0.108175559380379
17440,-0.100946643717728
56763,-0.119018932874355
35296,-0.118932874354561
3293,-0.119793459552496
20315,-0.113080895008606
10522,-0.108777969018933
55861,-0.121514629948365
59753,-0.114457831325301
12468,-0.124784853700516
43318,-0.121600688468158
55621,-0.111876075731497
28408,-0.111015490533563
48061,-0.116437177280551
60883,-0.117469879518072
33519,-0.105765920826162
56546,-0.0956110154905335
1973,-0.0869191049913942
41641,-0.0983648881239242
58601,-0.0858864027538727
12302,-0.0898450946643717
49605,-0.094578313253012
64684,-0.091738382099828
514,-0.0981067125645439
38649,-0.0981067125645439
17335,-0.075645438898451
19335,-0.0796041308089501
25807,-0.0938898450946644
8941,-0.0800344234079173
24539,-0.0820998278829604
64411,-0.0774526678141137
11059,-0.0892426850258177
62329,-0.098881239242685
19941,-0.0850258175559379
34998,-0.0811531841652324
53661,-0.0815834767641996
445,-0.0846815834767643
31367,-0.0962994836488811
32642,-0.0797762478485369
61542,-0.0886402753872634
21516,-0.0962994836488811
24081,-0.082185886402754
1191,-0.0953528399311532
33654,-0.0912220309810672
36231,-0.0800344234079173
60711,-0.0765060240963854
26479,-0.0859724612736662
26883,-0.0837349397590363
56288,-0.0787435456110157
16641,-0.08184165232358
39990,-0.097934595524957
20736,-0.0994836488812394
12775,-0.0993115318416523
40831,-0.0814113597246128
38358,-0.0792598967297761
63544,-0.0860585197934595
19483,-0.088382099827883
19833,-0.092685025817556
19402,-0.0872633390705679
261,-0.0906196213425129
43683,-0.0982788296041307
18635,-0.0969879518072291
59761,-0.0791738382099829
61227,-0.0993115318416523
36912,-0.0915662650602409
31069,-0.099225473321859
31896,-0.0609294320137694
12009,-0.0707401032702239
16709,-0.0534423407917385
44542,-0.0590361445783132
9917,-0.0666092943201377
4100,-0.0673838209982789
3919,-0.0745266781411359
50029,-0.0635972461273666
44996,-0.0682444061962133
39533,-0.0611015490533563
40256,-0.0623063683304647
25168,-0.0598106712564543
31299,-0.0533562822719449
8063,-0.0654044750430293
45621,-0.067211703958692
55119,-0.0598967297762479
37539,-0.069449225473322
61602,-0.0561962134251292
97,-0.0559380378657488
1557,-0.0610154905335627
182,-0.0555938037865749
40001,-0.0578313253012048
8240,-0.0543029259896729
54202,-0.0537005163511189
9197,-0.0543889845094665
25919,-0.0614457831325302
40243,-0.0680722891566264
21638,-0.0503442340791738
42568,-0.0549053356282272
43903,-0.063855421686747
14554,-0.0535283993115317
34545,-0.0548192771084337
48221,-0.0725473321858863
64974,-0.0598967297762479
54558,-0.0533562822719449
4348,-0.0641135972461274
14643,-0.0664371772805509
13258,-0.0615318416523235
13100,-0.0575731497418244
45890,-0.0716867469879519
29166,-0.0726333907056799
7126,-0.064802065404475
49132,-0.0684165232358004
852,-0.0611876075731498
36272,-0.0541308089500861
4457,-0.05447504302926
31485,-0.060499139414802
60679,-0.0676419965576592
4478,-0.071342512908778
45999,-0.0526678141135973
408,-0.0339931153184164
28505,-0.0446643717728056
49710,-0.0444922547332185
37026,-0.0276247848537006
10071,-0.0325301204819277
43159,-0.0447504302925988
47312,-0.0481067125645439
28469,-0.0475903614457831
4838,-0.038382099827883
41307,-0.0430292598967297
143,-0.0345955249569708
31918,-0.0421686746987953
5216,-0.0288296041308089
63467,-0.0394148020654046
39565,-0.0414802065404474
63653,-0.0420826161790017
33088,-0.0301204819277109
1948,-0.0267641996557658
28950,-0.0484509466437179
23593,-0.0315834767641996
61628,-0.0359724612736659
14899,-0.0442340791738381
23326,-0.0329604130808951
13030,-0.0268502581755594
7421,-0.0271944922547334
55100,-0.028485370051635
27477,-0.0487091222030983
54209,-0.0495697074010327
41149,-0.0253012048192771
45170,-0.0260757314974183
2290,-0.0485370051635111
60607,-0.0469879518072288
3738,-0.0465576592082616
54034,-0.0272805507745266
43369,-0.0404475043029261
1352,-0.0469018932874355
31826,-0.046815834767642
7954,-0.0254733218588639
31147,-0.0389845094664371
44495,-0.0499999999999999
14474,-0.0364888123924267
3435,-0.028485370051635
21895,-0.0434595524956972
9183,-0.0496557659208262
61141,-0.0367469879518071
44493,-0.0482788296041307
20624,-0.0271944922547334
7082,-0.0276247848537006
11859,-0.0339070567986232
2326,-0.04776247848537
43752,-0.0025817555938038
61866,-8.6058519793486e-05
2416,-0.0125645438898451
61020,-0.0126506024096387
48725,-0.0168674698795181
59515,-0.0201376936316696
7139,-0.0010327022375215
60229,-0.0233218588640275
53567,-0.00611015490533567
35998,-0.00516351118760772
58030,-0.0130808950086059
52378,-0.0207401032702236
46250,-0.00628227194492248
32074,-0.0134251290877798
56397,-0.0158347676419966
10461,-0.00757314974182444
3148,-0.0244406196213426
14690,-0.0242685025817555
56669,-0.0150602409638554
29252,-0.012908777969019
31777,-0.0224612736660928
45894,-0.0230636833046471
3501,-0.00499139414802058
42178,-0.0241824440619622
57700,-0.0224612736660928
32227,-0.00757314974182444
35742,-0.00129087779690185
43508,-0.0140275387263338
30707,-0.00688468158347683
17294,-0.0185886402753873
43954,-0.0198795180722892
65012,-0.0112736660929432
36324,-0.0239242685025819
9671,-0.0203098106712564
5622,-0.0243545611015491
11405,-0.00817555938037878
53080,-0.0203098106712564
27565,-0.0123924268502583
60984,-0.00834767641996559
29821,-0.0165232358003441
56260,-0.0112736660929432
27454,-0.0115318416523235
16152,-0.0164371772805509
28859,-0.00154905335628225
32074,-0.0134251290877798
28319,-0.00404475043029257
32486,-0.00800344234079164
32944,-0.0207401032702236
15572,-0.017039586919105
35431,-0.00748709122203089
26163,0.0185025817555938
52910,0.00404475043029273
42038,0.0217728055077454
15382,8.6058519793375e-05
26207,0.0100688468158346
63517,0.00851979345955256
29509,0.00404475043029273
15170,0.00834767641996548
27353,0.00172117039586928
16224,0.0062822719449227
46645,0.0106712564543889
1883,0.0199655765920826
41687,0.00240963855421683
12565,0.0124784853700517
29765,0.0110154905335629
54153,0.0200516351118762
10794,0.0137693631669537
9307,0.0232358003442341
19838,0.00292598967297764
55594,0.022117039586919
11427,0.0223752151462994
29830,0.0233218588640277
34375,0.0191910499139415
26441,0.0222891566265061
4302,0.0061962134251291
50703,0.0101549053356281
24640,0.00662650602409631
58379,0.00533562822719436
30478,0.00748709122203106
5647,0.0134251290877797
28969,0.0216867469879518
54359,0.0153184165232356
40596,0.0178141135972463
58275,0.00499139414802074
6308,0.00585197934595516
10653,0.00533562822719436
47884,0.00137693631669533
46051,0.00662650602409631
44230,0.0130808950086058
50267,0.014974182444062
29381,0.00740103270223746
52526,0.0139414802065404
15275,0.000774526678141263
23266,0.00232358003442323
14168,0.000430292598967319
59499,0.00438898450946634
27953,0.0131669535283993
3945,0.0139414802065404
63208,0.00352839931153193
26422,0.0184165232358003
20535,0.0398450946643716
13839,0.0400172117039588
63400,0.0364888123924269
53121,0.0325301204819278
10963,0.0376075731497417
27701,0.0416523235800343
57006,0.0411359724612735
33389,0.0281411359724612
9311,0.0384681583476765
64082,0.0259036144578313
43734,0.0271084337349397
30526,0.0250430292598969
24349,0.0465576592082617
14249,0.0439759036144578
21183,0.0367469879518073
47899,0.0369191049913941
50056,0.0427710843373494
47194,0.0299483648881239
3591,0.0370912220309809
14431,0.0339931153184165
21629,0.0485370051635112
27268,0.0374354561101549
8778,0.0477624784853701
3021,0.0362306368330465
46419,0.0431153184165232
17383,0.0448364888123925
23095,0.0309810671256455
32607,0.0477624784853701
32280,0.0330464716006886
23519,0.0317555938037867
755,0.0377796901893288
40719,0.0450086058519794
56073,0.0421686746987951
39973,0.0360585197934596
5734,0.0295180722891567
27127,0.0470740103270225
50538,0.0398450946643716
39108,0.0367469879518073
21780,0.0350258175559381
37250,0.0412220309810671
31793,0.0371772805507745
16305,0.0409638554216868
48241,0.0400172117039588
38725,0.0301204819277108
16564,0.0434595524956971
32085,0.0251290877796901
63028,0.0257314974182444
8778,0.0477624784853701
37181,0.0412220309810671
5443,0.0331325301204818
18081,0.0614457831325301
1058,0.0505163511187608
1895,0.0507745266781412
13063,0.0727194492254734
14591,0.0694492254733218
26865,0.0541308089500859
38074,0.0554216867469879
6610,0.0529259896729776
5463,0.0734939759036145
12289,0.0629087779690188
43,0.0536144578313251
26825,0.0653184165232359
61882,0.0524956970740104
51079,0.0672117039586919
49445,0.055249569707401
44302,0.0706540447504302
17010,0.0580895008605853
54462,0.068330464716007
48618,0.0648881239242683
21922,0.0707401032702237
34849,0.0586919104991394
16254,0.057487091222031
40189,0.0581755593803785
58737,0.0598967297762477
32577,0.0566265060240962
8998,0.0676419965576591
40701,0.0501721170395869
833,0.0701376936316694
8574,0.0697934595524957
15046,0.055593803786575
62684,0.0629948364888124
60868,0.0640275387263339
22211,0.0557659208261618
34993,0.0598106712564545
62783,0.0532702237521515
10164,0.0740103270223752
41991,0.0504302925989673
31005,0.0598106712564545
10050,0.0716867469879517
47694,0.0633390705679864
11634,0.0569707401032702
26924,0.0569707401032702
52605,0.0549913941480207
52266,0.0651462994836488
1551,0.0661790017211703
2428,0.0559380378657487
32797,0.0637693631669536
33010,0.072117039586919
5943,0.0550774526678143
23973,0.0682444061962134
33998,0.0913080895008607
4861,0.0824440619621342
36311,0.0869191049913941
28052,0.0851979345955249
19413,0.0800344234079174
62907,0.0977624784853701
62885,0.0920826161790018
35779,0.0804647160068847
17839,0.0833907056798622
11656,0.0968158347676421
42067,0.0989672977624785
2615,0.0801204819277107
59010,0.095697074010327
20377,0.0834767641996558
40041,0.0791738382099827
42083,0.0795180722891566
42795,0.0884681583476764
26230,0.0944061962134251
49816,0.0784853700516351
25257,0.0900172117039587
18923,0.0930292598967298
2270,0.0794320137693632
36538,0.0755593803786576
9933,0.0888984509466436
44157,0.0921686746987951
41530,0.0971600688468157
32744,0.0822719449225474
31948,0.0919104991394147
948,0.0860585197934597
7904,0.0988812392426849
62830,0.0993975903614457
10747,0.0849397590361445
5738,0.0903614457831327
44953,0.0875215146299484
55089,0.0974182444061961
4350,0.0953528399311533
21267,0.076419965576592
62802,0.0836488812392425
34366,0.0840791738382101
47482,0.0971600688468157
32069,0.0772805507745268
13094,0.0931153184165234
53259,0.0895869191049915
40022,0.0790877796901894
44239,0.080722891566265
26377,0.0914802065404475
16278,0.0897590361445784
43141,0.0769363166953527
54915,0.0855421686746989
50665,0.0864027538726333
9446,0.105593803786575
29351,0.107573149741825
8775,0.113855421686747
47590,0.124354561101549
32190,0.116006884681583
19720,0.102925989672978
25634,0.108605851979346
53483,0.116437177280551
43923,0.103872633390706
15152,0.105679862306368
3078,0.12013769363167
57735,0.121256454388984
8081,0.101635111876076
61209,0.103356282271945
40830,0.114371772805508
3851,0.109036144578313
50545,0.101118760757315
46967,0.104302925989673
15939,0.123493975903614
45940,0.113339070567986
61189,0.101807228915663
48213,0.118330464716007
8983,0.120912220309811
3851,0.109036144578313
3671,0.121600688468158
6567,0.112650602409638
10314,0.109552495697074
28687,0.108347676419966
3098,0.11566265060241
44486,0.109036144578313
9446,0.105593803786575
37252,0.117469879518072
22608,0.119793459552496
57285,0.110154905335628
41626,0.121858864027539
59936,0.101635111876076
8110,0.107056798623064
57372,0.107401032702237
17002,0.117728055077453
53802,0.105851979345955
48560,0.117211703958692
53092,0.120998278829604
540,0.124354561101549
42698,0.119104991394148
61391,0.109982788296041
47558,0.123321858864028
62353,0.120740103270224
55790,0.110929432013769
50040,0.123063683304647
24499,0.111617900172117
2813,0.136746987951807
22450,0.125043029259897
38041,0.147074010327022
38634,0.133390705679862
53534,0.143373493975904
63449,0.13605851979346
23177,0.134251290877797
14450,0.132185886402754
63305,0.130034423407917
36476,0.138209982788296
43111,0.135456110154905
36925,0.134509466437177
50310,0.130550774526678
64633,0.141308089500861
40115,0.14526678141136
28504,0.147074010327022
38576,0.134853700516351
59774,0.127538726333907
41414,0.143889845094665
14389,0.129087779690189
23846,0.141308089500861
37796,0.125301204819277
60567,0.135283993115318
43709,0.134595524956971
15576,0.142168674698795
26784,0.148106712564544
31482,0.146213425129088
25880,0.127280550774527
51036,0.130550774526678
57000,0.143889845094665
37838,0.140017211703959
43390,0.145180722891566
53229,0.142254733218589
13984,0.133132530120482
64960,0.130120481927711
61894,0.134251290877797
10954,0.146729776247848
58625,0.143459552495697
42429,0.141652323580035
52076,0.141824440619621
58555,0.128227194492255
30278,0.127538726333907
2833,0.135628227194492
11190,0.13881239242685
5322,0.133218588640275
10815,0.12960413080895
25099,0.147160068846816
38374,0.133390705679862
49887,0.130550774526678
44656,0.13855421686747
7149,0.166867469879518
7278,0.159552495697074
59558,0.173407917383821
4744,0.171084337349398
43383,0.15697074010327
33997,0.16394148020654
27456,0.152925989672978
29096,0.164371772805508
25254,0.171256454388985
26278,0.172547332185886
43461,0.152065404475043
36949,0.169363166953528
59372,0.156798623063683
6748,0.157228915662651
24778,0.157745266781411
55709,0.158864027538726
47011,0.156798623063683
48030,0.171342512908778
8214,0.167986230636833
38863,0.171772805507745
23049,0.167814113597246
22157,0.171084337349398
36721,0.167469879518072
19244,0.174010327022375
8199,0.170998278829604
11007,0.151204819277108
21474,0.153356282271945
5167,0.151721170395869
28955,0.163339070567986
57346,0.16617900172117
36502,0.150430292598967
62409,0.170740103270224
59730,0.165232358003442
48240,0.155507745266781
50816,0.159294320137694
6623,0.158433734939759
61066,0.174354561101549
34149,0.158605851979346
12707,0.15895008605852
33447,0.159036144578313
19072,0.17013769363167
40799,0.167728055077453
50171,0.169707401032702
54151,0.174612736660929
598,0.172117039586919
13741,0.150344234079174
57548,0.157056798623064
61630,0.150172117039587
58268,0.173838209982788
888,0.172203098106712
10273,0.195438898450947
2520,0.178829604130809
16836,0.197934595524957
37341,0.17960413080895
19228,0.198795180722892
39693,0.179173838209983
52387,0.184853700516351
33867,0.187607573149742
38775,0.189931153184165
1573,0.18855421686747
30239,0.18631669535284
6388,0.199655765920826
9815,0.180378657487091
47858,0.190447504302926
30479,0.187435456110155
18395,0.187091222030981
27383,0.194750430292599
44530,0.176333907056799
28567,0.191480206540447
27096,0.180895008605852
3880,0.193975903614458
35737,0.191566265060241
10973,0.193889845094664
39777,0.193717728055077
29922,0.19802065404475
49563,0.189242685025817
26733,0.191824440619621
57639,0.187435456110155
60860,0.180120481927711
18590,0.183218588640275
26712,0.176506024096385
60256,0.175903614457831
13441,0.177710843373494
38775,0.189931153184165
40501,0.189931153184165
10711,0.190017211703959
24527,0.192254733218589
31302,0.188640275387263
13330,0.184853700516351
3174,0.189242685025817
54565,0.196987951807229
7268,0.186919104991394
9492,0.175215146299484
2657,0.182185886402754
30436,0.187091222030981
7673,0.18631669535284
46312,0.180895008605852
30662,0.186660929432014
26472,0.176678141135972
8008,0.180722891566265
11988,0.221772805507745
63273,0.222289156626506
59837,0.202839931153184
36756,0.224440619621343
43232,0.223321858864028
14636,0.215146299483649
18251,0.214371772805508
32095,0.212478485370052
32334,0.201635111876076
37057,0.20447504302926
50823,0.212650602409639
26307,0.211101549053356
20619,0.216781411359725
53186,0.224698795180723
33959,0.22461273666093
16644,0.201893287435456
7791,0.213253012048193
25845,0.212134251290878
48149,0.209724612736661
46242,0.216953528399312
50866,0.206196213425129
46752,0.219104991394148
39320,0.224096385542169
58298,0.209982788296041
18345,0.201635111876076
41562,0.221772805507745
38004,0.216695352839931
18349,0.224440619621343
37607,0.209122203098107
39239,0.205507745266781
19493,0.207314974182444
50327,0.203184165232358
5045,0.219277108433735
10785,0.20025817555938
62373,0.203614457831325
34393,0.217469879518072
25434,0.218760757314974
48684,0.21815834767642
4112,0.224096385542169
57744,0.205077452667814
27063,0.204991394148021
20606,0.219191049913942
54674,0.200516351118761
24809,0.21170395869191
22566,0.208261617900172
2812,0.205421686746988
7104,0.209724612736661
25999,0.22039586919105
22703,0.212822719449225
17611,0.216609294320138
40813,0.237779690189329
29294,0.242512908777969
60042,0.226161790017212
33154,0.249139414802065
9252,0.233562822719449
30158,0.247848537005164
1502,0.241910499139415
54591,0.247934595524957
47422,0.244492254733218
16476,0.248967297762479
58278,0.239328743545611
334,0.237263339070568
34239,0.228915662650602
7083,0.230550774526678
39475,0.246213425129088
9252,0.233562822719449
63176,0.228915662650602
63382,0.249397590361446
60613,0.246385542168675
28981,0.243889845094664
40813,0.237779690189329
26614,0.230636833046472
34239,0.228915662650602
26614,0.230636833046472
50792,0.242685025817556
47422,0.244492254733218
28783,0.22934595524957
57245,0.226678141135973
43486,0.25
3779,0.22710843373494
2016,0.227280550774527
44824,0.226419965576592
52360,0.226333907056799
35660,0.246299483648881
63825,0.240619621342513
45528,0.229948364888124
52904,0.246471600688468
8228,0.226333907056799
19090,0.233993115318416
29368,0.240361445783133
35828,0.232013769363167
57901,0.231927710843374
40813,0.237779690189329
43517,0.244234079173838
7553,0.230808950086059
55945,0.226506024096385
48218,0.247676419965577
17146,0.241308089500861
20863,0.233390705679862
36044,0.227969018932874
11307,0.257314974182444
48009,0.267039586919105
21241,0.274784853700516
21722,0.265834767641997
31376,0.259122203098107
38498,0.267986230636833
18613,0.256798623063683
27753,0.25223752151463
28615,0.262736660929432
30642,0.267211703958692
39123,0.269018932874354
16990,0.261101549053356
53422,0.271600688468158
20742,0.258864027538726
63561,0.250946643717728
27967,0.264716006884682
35231,0.264802065404475
39751,0.251118760757315
23555,0.26592082616179
208,0.269535283993115
20247,0.252065404475043
40519,0.262994836488812
61275,0.269621342512909
63412,0.255593803786575
42291,0.264888123924269
47024,0.250946643717728
51154,0.257573149741824
4985,0.257142857142857
33586,0.270567986230637
15515,0.274526678141136
25755,0.26092943201377
7642,0.259036144578313
63888,0.260240963855422
27753,0.25223752151463
62039,0.258777969018933
27625,0.257314974182444
64425,0.271170395869191
49434,0.265146299483649
22323,0.267125645438898
23760,0.260757314974182
22542,0.259466437177281
31510,0.257831325301205
51317,0.258605851979346
15986,0.258864027538726
20854,0.250516351118761
64050,0.255851979345955
17458,0.265404475043029
3949,0.253356282271945
52922,0.261531841652323
62835,0.262908777969019
42158,0.279259896729776
57074,0.276850258175559
55927,0.280378657487091
27965,0.299827882960413
55772,0.280981067125646
25253,0.288468158347677
56140,0.293975903614458
24587,0.288984509466437
46741,0.291394148020654
16949,0.296815834767642
57377,0.289156626506024
48144,0.289759036144578
43259,0.283993115318417
12891,0.292771084337349
16385,0.280981067125646
16959,0.288640275387263
46794,0.291480206540448
3578,0.283476764199656
2653,0.276678141135973
6660,0.293717728055078
47772,0.293717728055078
11086,0.296299483648881
11637,0.277022375215146
48212,0.278657487091222
4922,0.29776247848537
50599,0.288640275387263
7612,0.295438898450947
1995,0.295697074010327
32795,0.293889845094664
44782,0.285456110154905
48082,0.298192771084337
59154,0.294578313253012
12100,0.290963855421687
57798,0.293975903614458
41766,0.284853700516351
41128,0.277624784853701
19,0.282960413080895
1835,0.285197934595525
12393,0.289328743545611
20161,0.28881239242685
17472,0.287263339070568
63403,0.290963855421687
26284,0.29302925989673
25268,0.288037865748709
17643,0.278915662650603
3190,0.282788296041308
63029,0.294836488812392
819,0.278399311531842
14946,0.297332185886403
26790,0.275043029259897
7851,0.31368330464716
19276,0.311273666092943
13343,0.3223752151463
49165,0.318330464716007
30395,0.302323580034423
1295,0.315834767641996
39000,0.313253012048193
46421,0.324956970740103
39352,0.304302925989673
52792,0.304130808950086
8449,0.315576592082616
2789,0.315232358003443
32331,0.316867469879518
29434,0.303356282271945
45916,0.317039586919105
39670,0.324268502581756
23918,0.306884681583477
26875,0.305163511187608
1026,0.319535283993115
6096,0.319018932874355
15877,0.322203098106713
30418,0.300086058519793
19722,0.309294320137694
27532,0.316437177280551
63694,0.312392426850258
64839,0.31617900172117
62893,0.313855421686747
37640,0.304991394148021
40295,0.30197934595525
21998,0.309122203098107
57003,0.320223752151463
65329,0.324268502581756
22237,0.303700516351119
8729,0.312478485370052
41103,0.317125645438898
24806,0.324096385542169
40760,0.315490533562823
12418,0.302409638554217
12558,0.322805507745267
32487,0.310068846815835
35605,0.316953528399312
436,0.305851979345955
24684,0.320998278829604
12243,0.30421686746988
52835,0.311876075731497
48015,0.319535283993115
28700,0.303786574870912
29046,0.313253012048193
9993,0.324956970740103
33347,0.320912220309811
59651,0.345783132530121
39717,0.348020654044751
44985,0.34277108433735
7886,0.340447504302926
32611,0.325903614457831
40140,0.337177280550775
21101,0.336488812392427
63961,0.336660929432014
37212,0.333648881239243
35842,0.33631669535284
46919,0.333562822719449
20953,0.327280550774527
31821,0.329948364888124
49562,0.348450946643718
55834,0.331755593803787
38310,0.34328743545611
11727,0.339759036144578
52583,0.348881239242685
9794,0.339672977624785
37476,0.330120481927711
65204,0.329948364888124
60962,0.328055077452668
27552,0.333132530120482
7812,0.329087779690189
39952,0.346643717728055
14452,0.33184165232358
29618,0.348450946643718
40329,0.32710843373494
24796,0.332271944922548
55487,0.333476764199656
31821,0.329948364888124
23556,0.346987951807229
40336,0.329001721170396
36125,0.335025817555938
30136,0.348709122203098
1547,0.327538726333907
24802,0.344922547332186
30918,0.330636833046472
62915,0.336230636833047
37212,0.333648881239243
23189,0.339070567986231
3258,0.344922547332186
21580,0.343889845094664
21247,0.326592082616179
30877,0.330120481927711
10761,0.33881239242685
8959,0.337521514629949
52611,0.332185886402754
7370,0.346127366609294
18714,0.3315834767642
44871,0.356798623063683
7289,0.354991394148021
19962,0.359638554216867
41452,0.354388984509466
59751,0.361101549053356
41682,0.37289156626506
34490,0.359638554216867
61176,0.351204819277108
47046,0.35473321858864
29228,0.350602409638554
36732,0.358605851979346
20020,0.364629948364888
48130,0.370567986230637
45577,0.36342512908778
56031,0.359724612736661
55990,0.359294320137694
53002,0.362736660929432
60709,0.367728055077453
24193,0.362908777969019
6976,0.374354561101549
39613,0.362048192771084
64607,0.357142857142857
25691,0.356798623063683
54630,0.350516351118761
51396,0.361273666092943
3730,0.365490533562823
3409,0.355335628227194
17153,0.367297762478486
45577,0.36342512908778
49046,0.372461273666093
30296,0.354647160068847
21883,0.364716006884682
59901,0.352151462994836
40184,0.357831325301205
40680,0.353528399311532
19797,0.355679862306368
39126,0.369793459552496
38522,0.357831325301205
44546,0.372719449225473
15884,0.367986230636833
20384,0.361617900172117
25773,0.356884681583477
23591,0.354647160068847
810,0.370826161790017
50160,0.363769363166954
14783,0.368502581755594
61365,0.365232358003442
12816,0.350774526678141
11543,0.360240963855422
53570,0.357142857142857
34084,0.375559380378658
5619,0.378571428571428
34035,0.385025817555938
52798,0.388037865748709
60961,0.392426850258176
3862,0.383218588640275
30491,0.381239242685026
36018,0.391824440619621
5854,0.392254733218589
21108,0.391308089500861
58587,0.396815834767642
32975,0.384853700516351
38029,0.378571428571428
38029,0.378571428571428
32779,0.38209982788296
11362,0.39302925989673
10206,0.391910499139415
9686,0.390275387263339
63921,0.387091222030981
21727,0.380636833046472
18432,0.396729776247849
49079,0.3776247848537
8438,0.384939759036145
49864,0.398881239242685
28159,0.392082616179002
36943,0.375645438898451
2327,0.395955249569707
48908,0.388123924268503
48652,0.399655765920826
34000,0.390619621342513
13788,0.380464716006885
12530,0.388037865748709
10206,0.391910499139415
40255,0.393889845094664
62385,0.38631669535284
48652,0.399655765920826
227,0.377538726333907
33547,0.394406196213425
10206,0.391910499139415
59308,0.380034423407917
20615,0.395783132530121
61825,0.390877796901893
25775,0.381669535283993
64146,0.394234079173838
47612,0.396385542168675
44987,0.389242685025818
35858,0.392685025817556
34084,0.375559380378658
51974,0.395783132530121
21942,0.378141135972461
37677,0.416351118760757
10618,0.41592082616179
21556,0.418502581755594
7900,0.411101549053356
7900,0.411101549053356
17196,0.424698795180723
37677,0.416351118760757
51898,0.400774526678141
30315,0.40421686746988
11105,0.424612736660929
57124,0.402925989672978
61591,0.408089500860585
44052,0.40895008605852
33871,0.4184165232358
55573,0.403098106712564
43270,0.408864027538726
5671,0.400086058519793
49306,0.419363166953528
35819,0.407917383820998
62993,0.402065404475043
47896,0.406626506024096
42490,0.404130808950086
25703,0.416867469879518
34418,0.411617900172117
19065,0.421858864027539
42677,0.423149741824441
58010,0.403442340791738
41314,0.409466437177281
45725,0.414802065404475
10622,0.4184165232358
55794,0.409122203098107
61878,0.406282271944923
21961,0.418760757314974
3092,0.412908777969019
30318,0.408175559380379
35079,0.408261617900172
55794,0.409122203098107
45510,0.401376936316695
13464,0.403356282271945
3092,0.412908777969019
25555,0.412994836488812
44599,0.403012048192771
20136,0.4184165232358
45510,0.401376936316695
13464,0.403356282271945
62993,0.402065404475043
45836,0.406282271944923
44008,0.4
11554,0.405335628227194
20136,0.4184165232358
51669,0.430722891566265
24538,0.43433734939759
41932,0.425301204819277
30366,0.448709122203098
24140,0.429259896729776
30206,0.443631669535284
14496,0.43657487091222
2721,0.426161790017212
20478,0.448967297762478
42118,0.4315834767642
61317,0.435283993115319
24140,0.429259896729776
64858,0.444664371772805
58876,0.435111876075731
58373,0.441566265060241
56651,0.440877796901893
41242,0.443889845094664
44898,0.432702237521515
58016,0.438468158347676
35109,0.429776247848537
43641,0.428485370051635
2721,0.426161790017212
48596,0.441824440619621
64858,0.444664371772805
25979,0.433648881239243
26064,0.43829604130809
7838,0.432788296041308
7838,0.432788296041308
7303,0.438209982788296
30366,0.448709122203098
61262,0.426764199655766
23287,0.433648881239243
60170,0.445352839931153
32419,0.449053356282272
32110,0.434509466437177
58373,0.441566265060241
12838,0.428313253012048
30206,0.443631669535284
44142,0.44552495697074
64751,0.438468158347676
29679,0.428141135972461
51514,0.436746987951807
56651,0.440877796901893
25463,0.43433734939759
7419,0.441738382099828
2721,0.426161790017212
25463,0.43433734939759
61317,0.435283993115319
7303,0.438209982788296
64858,0.444664371772805
59113,0.453270223752152
8267,0.474784853700516
56342,0.465232358003442
13032,0.459638554216867
49373,0.455593803786575
29050,0.465576592082616
8267,0.474784853700516
13032,0.459638554216867
59113,0.453270223752152
51761,0.453614457831325
57199,0.457745266781411
56342,0.465232358003442
57429,0.450860585197935
48504,0.458261617900172
29050,0.465576592082616
26468,0.459982788296041
33171,0.47039586919105
57262,0.453528399311532
25714,0.465232358003442
57199,0.457745266781411
57199,0.457745266781411
51761,0.453614457831325
13032,0.459638554216867
34529,0.459466437177281
34529,0.459466437177281
12819,0.467555938037866
13382,0.451549053356282
57199,0.457745266781411
13032,0.459638554216867
57429,0.450860585197935
26468,0.459982788296041
48504,0.458261617900172
48504,0.458261617900172
56342,0.465232358003442
59113,0.453270223752152
57199,0.457745266781411
12819,0.467555938037866
39665,0.460757314974182
8267,0.474784853700516
13382,0.451549053356282
39665,0.460757314974182
65284,0.454561101549053
53993,0.474096385542169
57262,0.453528399311532
38021,0.453098106712565
38223,0.465146299483649
12819,0.467555938037866
39487,0.455593803786575
57262,0.453528399311532
26468,0.459982788296041
54433,0.483562822719449
35566,0.498967297762479
54433,0.483562822719449
18232,0.476678141135972
56162,0.480636833046471
33386,0.476764199655766
33386,0.476764199655766
43026,0.480034423407917
18232,0.476678141135972
56162,0.480636833046471
33386,0.476764199655766
54433,0.483562822719449
54433,0.483562822719449
25420,0.492426850258175
43026,0.480034423407917
54433,0.483562822719449
35566,0.498967297762479
54433,0.483562822719449
33386,0.476764199655766
33386,0.476764199655766
25420,0.492426850258175
56162,0.480636833046471
54433,0.483562822719449
51187,0.475989672977625
37235,0.5
33386,0.476764199655766
25420,0.492426850258175
56162,0.480636833046471
51187,0.475989672977625
56162,0.480636833046471
43026,0.480034423407917
33386,0.476764199655766
37235,0.5
35566,0.498967297762479
37235,0.5
54433,0.483562822719449
51187,0.475989672977625
37235,0.5
56162,0.480636833046471
33386,0.476764199655766
54433,0.483562822719449
56162,0.480636833046471
56162,0.480636833046471
35566,0.498967297762479
56162,0.480636833046471
37235,0.5
56162,0.480636833046471
33386,0.476764199655766
35566,0.498967297762479
35566,0.498967297762479
