"LabID","Pol"
62698,-0.423140103672337
33951,-0.451175439877345
56153,-0.467383368620866
49329,-0.443819814557932
18182,-0.458421552164708
49329,-0.443819814557932
44978,-0.393571585018617
6936,-0.406202088048478
33951,-0.451175439877345
34736,-0.448036066291889
51856,-0.447013944659415
34736,-0.448036066291889
25578,-0.424965320873184
34736,-0.448036066291889
51856,-0.447013944659415
45668,-0.402569905818792
61452,-0.392202672117982
25578,-0.424965320873184
25578,-0.424965320873184
39590,-0.427265094546251
25578,-0.424965320873184
48503,-0.485617288457326
6936,-0.406202088048478
58325,-0.49176827042418
6037,-0.46232751697452
49329,-0.443819814557932
18182,-0.458421552164708
51856,-0.447013944659415
6037,-0.46232751697452
62698,-0.423140103672337
25578,-0.424965320873184
39590,-0.427265094546251
62698,-0.423140103672337
25578,-0.424965320873184
61452,-0.392202672117982
58325,-0.49176827042418
62698,-0.423140103672337
18182,-0.458421552164708
49329,-0.443819814557932
49329,-0.443819814557932
45668,-0.402569905818792
18959,-0.396820471636125
61452,-0.392202672117982
45668,-0.402569905818792
56153,-0.467383368620866
44978,-0.393571585018617
58325,-0.49176827042418
20162,-0.43670146747463
46771,-0.452599109294006
26458,-0.440607432284442
58595,-0.446995692487406
24506,-0.450992918157261
27726,-0.497663721982916
51370,-0.450299335620939
50982,-0.358527414762357
9892,-0.492516609476528
21633,-0.456778856683945
10706,-0.479521063006498
45826,-0.452945900562167
1904,-0.399448784405344
59033,-0.478772723954151
25980,-0.419708695334745
25980,-0.419708695334745
12474,-0.422245747243922
22513,-0.453310944002336
14736,-0.428433233554793
51370,-0.450299335620939
11561,-0.457308169672191
18611,-0.479685332554574
13191,-0.373165656713149
51824,-0.438052128203256
58595,-0.446995692487406
58447,-0.416350295685187
26056,-0.479466306490472
9892,-0.492516609476528
9229,-0.435095276337884
10706,-0.479521063006498
62209,-0.428579250930861
18354,-0.5
51824,-0.438052128203256
44311,-0.451540483317515
51824,-0.438052128203256
56077,-0.39926626268526
22513,-0.453310944002336
56077,-0.39926626268526
44311,-0.451540483317515
14736,-0.428433233554793
56077,-0.39926626268526
11561,-0.457308169672191
48696,-0.437541067387019
11561,-0.457308169672191
47138,-0.479940862962693
61443,-0.430678250711835
59587,-0.417408921661678
61443,-0.430678250711835
50982,-0.358527414762357
61443,-0.430678250711835
26358,-0.413959261152077
12474,-0.422245747243922
14715,-0.452015039789735
23461,-0.404358618675623
4700,-0.404650653427758
62817,-0.369825509235599
62070,-0.350971015550851
51431,-0.399704314813463
62817,-0.369825509235599
43164,-0.391089289625465
58184,-0.412645104767467
58184,-0.412645104767467
34121,-0.452325326713879
39351,-0.424582025261006
4700,-0.404650653427758
59653,-0.413703730743959
60081,-0.447196466379499
58798,-0.412024530919179
34830,-0.431043294152004
13062,-0.430148937723589
49638,-0.384646272906476
65232,-0.37267284806892
60081,-0.447196466379499
63964,-0.425567642549463
29842,-0.391344820033584
46074,-0.453968022194641
63964,-0.425567642549463
46010,-0.34668175512886
56240,-0.408100313937359
53723,-0.409359713805943
24557,-0.39902898444915
3613,-0.374881360881945
20891,-0.380649047236621
20891,-0.380649047236621
13204,-0.440935971380594
47472,-0.409834270278163
27113,-0.383368620865883
55689,-0.445480762210703
22269,-0.352942250127765
32502,-0.372618091552895
62123,-0.421807695115719
25475,-0.405727531576258
51431,-0.399704314813463
48423,-0.411933270059137
18730,-0.403993575235453
62338,-0.414652843688399
34121,-0.452325326713879
28850,-0.391600350441703
34121,-0.452325326713879
25475,-0.405727531576258
51431,-0.399704314813463
29842,-0.391344820033584
64388,-0.376870847630868
56633,-0.349127546177995
38762,-0.377199386727021
5857,-0.487825801270351
5860,-0.390468715777178
16610,-0.42239176461999
11058,-0.42202672117982
24414,-0.384938307658611
51214,-0.417792217273856
19085,-0.403738044827334
43452,-0.41833978243411
11866,-0.372508578520844
62159,-0.328502591808425
39328,-0.36754398773454
11444,-0.367270205154413
23538,-0.353033510987808
19388,-0.366010805285829
37879,-0.407023435788859
58893,-0.384463751186391
65166,-0.420164999634957
24414,-0.384938307658611
32141,-0.356574432357451
22130,-0.417682704241805
11058,-0.42202672117982
31164,-0.408246331313426
24163,-0.387584872599839
48274,-0.399832080017522
12952,-0.358381397386289
48813,-0.391782872161787
57469,-0.349529093962182
51346,-0.393808863254727
28099,-0.446612396875228
10517,-0.417810469445864
11444,-0.367270205154413
37644,-0.363090457764474
31995,-0.383952690370154
41281,-0.370537343943929
24252,-0.347411842009199
32141,-0.356574432357451
35305,-0.447086953347448
6795,-0.433105789588961
65029,-0.425239103453311
24163,-0.387584872599839
365,-0.340147477549829
43566,-0.370628604803972
57469,-0.349529093962182
31135,-0.330382565525298
5435,-0.406220340220486
12837,-0.386051690151128
22130,-0.417682704241805
39284,-0.399558297437395
5138,-0.335748704095787
39745,-0.380192742936409
3675,-0.415072643644594
9969,-0.29398773454041
32472,-0.299883186099146
46639,-0.355315032488866
48525,-0.331276921953712
1856,-0.358399649558298
13623,-0.387803898663941
15989,-0.338669051617142
58062,-0.345586624808352
544,-0.372599839380886
50623,-0.383678907790027
51959,-0.355570562896985
53932,-0.396710958604074
11084,-0.378075490983427
3488,-0.374242534861649
26154,-0.442980214645543
53131,-0.349109294005987
14480,-0.310031393735855
1416,-0.3441812075637
34753,-0.394465941447032
9635,-0.385577133678908
58480,-0.355716580273053
51984,-0.360936701467475
22487,-0.326385339855443
51959,-0.355570562896985
57648,-0.31318901949332
43139,-0.336022486675915
42536,-0.351883624151274
28796,-0.319066218880047
42466,-0.362980944732423
34513,-0.378349273563554
38623,-0.359147988610645
41323,-0.319413010148208
31933,-0.352741476235672
40392,-0.345239833540191
9969,-0.29398773454041
34513,-0.378349273563554
52954,-0.358399649558298
57932,-0.349748120026283
34402,-0.398499671460904
19425,-0.347484850697233
27170,-0.360589910199314
4279,-0.373220413229174
51270,-0.343414616339344
59928,-0.429090311747098
38623,-0.359147988610645
53131,-0.349109294005987
53335,-0.381506899321019
23992,-0.333795721690881
59686,-0.396291158647879
40291,-0.316036358326641
51524,-0.323410235818062
28478,-0.340147477549829
52774,-0.375428926042199
20656,-0.36349200554866
21047,-0.384701029422501
31741,-0.384062203402205
29452,-0.33273709571439
51524,-0.323410235818062
15623,-0.318956705847996
18641,-0.310962254508287
25142,-0.366394100898007
34336,-0.317642549463386
27427,-0.288457326421844
54380,-0.370081039643718
25167,-0.368310578958896
46871,-0.366631379134117
39098,-0.346389720376725
36587,-0.338377016865007
17288,-0.338395269037015
27879,-0.367690005110608
3404,-0.278783675257356
3132,-0.347010294225013
63052,-0.356300649777324
38249,-0.336697817040228
29313,-0.356318901949332
63744,-0.286650361393006
25901,-0.319960575308462
42334,-0.320489888296707
60553,-0.36349200554866
10429,-0.376688325910783
25140,-0.311345550120464
32258,-0.32487040957874
13896,-0.37625027378258
54208,-0.320562896984741
45093,-0.363765788128787
8101,-0.401000219026064
24655,-0.319066218880047
25140,-0.311345550120464
25142,-0.366394100898007
35966,-0.340822807914142
44104,-0.364203840256991
32258,-0.32487040957874
28130,-0.317021975615098
55633,-0.385741403226984
9003,-0.330510330729357
31741,-0.384062203402205
7497,-0.339399138497481
26019,-0.280079579469957
46311,-0.300923559903629
27204,-0.322461122873622
52092,-0.314941228006133
32715,-0.252537051909177
34182,-0.260111703292692
28452,-0.254782069066219
14196,-0.34668175512886
64799,-0.36075417974739
36363,-0.347831641965394
53325,-0.295849456085274
43686,-0.278199605753085
49703,-0.337409651748558
63145,-0.334434547711178
14320,-0.338139738628897
53563,-0.355643571585019
37301,-0.2668102504198
61962,-0.328411330948383
24946,-0.296232751697452
35643,-0.288329561217785
4282,-0.280298605534059
60790,-0.308388698255092
53325,-0.295849456085274
18712,-0.282744396583193
14090,-0.3150872453822
51533,-0.288931882894064
24993,-0.327955026648171
13427,-0.289132656786158
25320,-0.346042929108564
59241,-0.271318536905892
46671,-0.239249470687012
41260,-0.305450098561729
51268,-0.350934511206834
40886,-0.331094400233628
44982,-0.279422501277652
16498,-0.305541359421771
14090,-0.3150872453822
64802,-0.292509308607724
27204,-0.322461122873622
38778,-0.370008030955684
22247,-0.310487698036066
41989,-0.362068336132
35046,-0.340950573118201
52092,-0.314941228006133
27258,-0.326531357231511
54346,-0.300887055559612
61539,-0.2959042126013
14320,-0.338139738628897
32344,-0.314247645469811
44982,-0.279422501277652
19505,-0.243757757173104
46955,-0.298149229758341
20176,-0.2668102504198
40266,-0.323191209753961
38666,-0.320891436080894
61034,-0.255548660290575
22104,-0.273143754106739
60655,-0.353015258815799
140,-0.295338395269037
65172,-0.278053588377017
48271,-0.291596700007301
9038,-0.289899248010513
61709,-0.31450317587793
3124,-0.241403226984011
37309,-0.262338468277725
54443,-0.260421990216836
20189,-0.249488939183763
62529,-0.281649266262685
20562,-0.318482149375776
35477,-0.3508615025188
33956,-0.368219318098854
22104,-0.273143754106739
62854,-0.311436810980507
40644,-0.285299700664379
6279,-0.328320070088341
8492,-0.334544060743229
65122,-0.37374972621742
57518,-0.263086807330072
31514,-0.280170840329999
16776,-0.266883259107834
28335,-0.230360662918887
29072,-0.232532671387895
55768,-0.241640505220121
11863,-0.242388844272468
47338,-0.289351682850259
42726,-0.294097247572461
15025,-0.265003285390962
2360,-0.269274293640943
13175,-0.319522523180259
46993,-0.296324012557494
7446,-0.220048185734102
13326,-0.232751697451997
65060,-0.234138862524641
40644,-0.285299700664379
19130,-0.302420238008323
3804,-0.300558516463459
48507,-0.237953566474411
54833,-0.237168723078046
73,-0.309575089435643
31788,-0.248229539315179
23640,-0.30913703730744
10843,-0.289625465430386
47461,-0.257775425275608
49897,-0.242680879024604
57691,-0.271756589034095
34934,-0.241275461779952
10186,-0.249123895743594
28777,-0.332536321822297
34649,-0.220139446594145
33918,-0.277451266700737
36596,-0.258852303424108
51706,-0.262940789954005
54829,-0.274932466963569
26463,-0.229429802146456
3173,-0.252445791049135
38099,-0.214152734175367
4485,-0.268635467620647
1552,-0.2601299554647
45449,-0.283949039935752
51405,-0.288055778637658
5994,-0.241512740016062
43124,-0.235836314521428
39336,-0.298441264510477
6365,-0.283766518215668
36871,-0.244250565817332
9260,-0.289899248010513
24777,-0.21340439512302
9848,-0.242023800832299
41535,-0.222037672483026
27007,-0.281813535810762
46646,-0.240727896619698
64389,-0.244907644009637
47437,-0.25250054756516
7290,-0.209334160765131
48449,-0.251022121632474
44207,-0.239012192450902
62177,-0.282269840110973
22748,-0.294955099656859
17470,-0.232441410527853
35871,-0.278911440461415
45438,-0.286285317952837
8952,-0.236949697013945
65137,-0.222895524567424
57691,-0.271756589034095
28795,-0.25023727823611
24953,-0.317259253851208
56983,-0.2678871285683
31290,-0.234485653792801
23640,-0.30913703730744
59800,-0.282324596626999
28972,-0.178378477038768
10278,-0.190096371468205
56088,-0.229210776082354
32996,-0.236894940497919
37831,-0.264802511498868
47377,-0.229265532598379
53743,-0.22711177630138
47290,-0.233390523472293
44559,-0.230798715047091
31498,-0.272723954150544
20266,-0.249653208731839
1890,-0.243849018033146
27703,-0.217036577352705
14084,-0.192706432065416
30948,-0.24881360881945
57580,-0.235270497189166
32956,-0.214280499379426
16785,-0.255238373366431
18723,-0.18086077243192
55343,-0.276502153756297
11593,-0.238245601226546
51872,-0.238209096882529
25056,-0.189037745491714
19913,-0.231510549755421
10680,-0.182357450536614
44397,-0.273472293202891
61415,-0.247535956778857
13549,-0.248302548003212
2892,-0.23950500109513
31578,-0.203895013506607
33051,-0.238866175074834
53692,-0.227312550193473
5819,-0.23402934949259
34135,-0.220595750894356
2574,-0.230725706359057
19430,-0.242881652916697
28821,-0.230780462875082
63118,-0.249215156603636
11035,-0.204333065634811
50660,-0.23926772285902
16270,-0.241074687887859
31170,-0.256461268890998
13210,-0.316802949550997
27550,-0.256278747170913
61015,-0.184164415565452
28457,-0.193600788493831
50049,-0.301124333795722
39824,-0.216799299116595
28460,-0.249744469591881
13661,-0.275863327736001
64153,-0.205847995911514
58145,-0.190205884500256
31828,-0.204971891655107
2723,-0.192523910345331
14005,-0.196612396875228
60423,-0.21793093378112
48292,-0.280353362050084
13052,-0.174016207928744
32414,-0.217602394684968
40072,-0.192505658173323
3853,-0.188234649923341
59096,-0.250182521720085
51775,-0.166332043513178
3810,-0.190826458348544
18169,-0.21911732496167
57593,-0.204588596042929
23756,-0.200317587792947
51598,-0.261225085785208
5147,-0.165437687084763
42175,-0.233518288676352
5889,-0.154723662115792
62047,-0.198054318463897
46759,-0.206687595823903
6744,-0.218788785865518
31249,-0.263981163758487
64132,-0.2118529605023
11542,-0.213842447251223
15413,-0.226363437249033
2288,-0.258980068628167
49348,-0.201157187705337
7828,-0.190899467036577
3735,-0.205738482879463
9696,-0.251350660728627
32435,-0.252281521501059
38670,-0.232569175731912
23546,-0.233262758268234
43598,-0.231200262831277
30697,-0.218131707673213
2396,-0.227732350149668
17046,-0.216598525224502
12467,-0.216908812148646
61162,-0.278801927429364
44619,-0.179455355187267
10784,-0.219993429218077
17733,-0.214536029787545
60395,-0.161769000511061
52314,-0.236073592757538
27032,-0.223716872307805
27318,-0.193600788493831
45771,-0.192286632109221
22342,-0.148517923632912
54125,-0.177173833686209
46208,-0.211177630137987
51177,-0.221125063882602
59677,-0.240746148791706
16649,-0.243849018033146
49163,-0.204351317806819
26198,-0.158045557421333
54656,-0.219664890121924
23396,-0.182320946192597
48122,-0.200773892093159
51988,-0.1737059210046
43335,-0.151839818938454
16189,-0.254344016938016
54965,-0.119515222311455
66,-0.216580273052493
60533,-0.117982039862744
21876,-0.148682193180989
27256,-0.209042126012996
11072,-0.23068920201504
18311,-0.177593633642404
32602,-0.130338760312477
55717,-0.199587500912609
15001,-0.159560487698036
6516,-0.16297364386362
7085,-0.148061619332701
30494,-0.186792728334672
43603,-0.261133824925166
27336,-0.249251660947653
57961,-0.193272249397678
53827,-0.131397386288968
5585,-0.203712491786523
61233,-0.175202599109294
2571,-0.245418704825874
31817,-0.169562677958677
26433,-0.148682193180989
25409,-0.170785573483245
11560,-0.129918960356282
34321,-0.194440388406221
26257,-0.18097028546397
58174,-0.184602467693656
29323,-0.192998466817551
24328,-0.156603635832664
5137,-0.168613565014237
57014,-0.146236402131854
29263,-0.249069139227568
35569,-0.141855880849821
39174,-0.150799445133971
41640,-0.158775644301672
20272,-0.183452580857122
31640,-0.193418266773746
22671,-0.135485872818866
48641,-0.204570343870921
32076,-0.1334051252099
64700,-0.152588157990801
47492,-0.20577498722348
8095,-0.148974227933124
9379,-0.174910564357159
44426,-0.131762429729138
6505,-0.113747535956779
11546,-0.142257428634007
2335,-0.145743593487625
3425,-0.161860261371103
60241,-0.210849091041834
48106,-0.135449368474849
6142,-0.203310944002336
43129,-0.161915017887129
35467,-0.121267430824268
33178,-0.174801051325108
44634,-0.131196612396875
35467,-0.121267430824268
60645,-0.140742498357305
42919,-0.182594728772724
32429,-0.174874060013142
53736,-0.147441045484413
7934,-0.204187048258743
21775,-0.112524640432212
6142,-0.203310944002336
7615,-0.137876907351975
64058,-0.215028838431774
26002,-0.165455939256772
41746,-0.173961451412718
29229,-0.142859750310287
53266,-0.0985617288457328
8336,-0.148116375848726
40676,-0.173286121048405
58190,-0.183580346061181
51973,-0.152679418850843
15213,-0.163868000292035
5655,-0.10872818865445
46091,-0.144575454479083
41368,-0.195152223114551
51973,-0.152679418850843
16595,-0.13590567277506
56221,-0.116193327005914
57417,-0.12851354311163
4389,-0.210045995473461
40351,-0.21364167335913
43103,-0.187851354311163
36940,-0.207326421844199
34603,-0.18883697159962
37791,-0.0837044608308389
41172,-0.113418996860626
59750,-0.106975980141637
25896,-0.132802803533621
11311,-0.163995765496094
26783,-0.171570416879609
53518,-0.0983061984376141
6629,-0.150781192961962
45261,-0.114952179309338
55774,-0.140395707089144
40027,-0.116321092209973
48860,-0.0929218076951157
25894,-0.0720960794334527
26312,-0.136818281375484
4376,-0.0969190333649705
4038,-0.192250127765204
11839,-0.101044024238885
28520,-0.165163904504636
64670,-0.139191063736585
29199,-0.149996349565598
28395,-0.144210411038914
61079,-0.105497554208951
34603,-0.18883697159962
47067,-0.146783967292108
29628,-0.132583777469519
13796,-0.123731474045411
29199,-0.149996349565598
55245,-0.0942724684237426
8876,-0.104128641308316
62818,-0.162991896035628
42847,-0.133058333941739
31585,-0.102814484923706
15815,-0.166131269621085
20540,-0.169270643206542
12906,-0.129042856099876
25419,-0.148134628020735
57321,-0.174198729648828
53992,-0.0938161641235308
25561,-0.161440461414908
22960,-0.122545082864861
6476,-0.123676717529386
402,-0.116448857414032
59557,-0.128823830035774
44176,-0.149394027889319
64856,-0.152113601518581
15256,-0.146345915163905
18879,-0.198291596700007
29449,-0.104292910856392
40553,-0.12446156092575
34466,-0.118328831130905
46403,-0.0847265824633131
19573,-0.097247572461123
2559,-0.158994670365774
41121,-0.104292910856392
53124,-0.0838139738628897
36817,-0.0963349638606996
6710,-0.0934146163393443
45009,-0.0747791487186975
11028,-0.0594473242315837
3356,-0.116576622618092
59095,-0.144338176242973
4435,-0.204497335182887
21001,-0.114532379353143
58040,-0.100843250346791
33352,-0.0926662772869972
33834,-0.133040081769731
57885,-0.0877746951887275
51578,-0.0786668613565015
52145,-0.119004161495218
57626,-0.100277433014529
29325,-0.087446156092575
6832,-0.128951595239834
40987,-0.106793458421552
5861,-0.0711834708330293
52322,-0.127473169307148
46629,-0.088139738628897
30200,-0.120811126524056
20725,-0.0577316200627875
14110,-0.0770059137037307
6466,-0.106902971453603
58399,-0.0570927940424911
44125,-0.110681171059356
35967,-0.0739578009783166
38104,-0.128385777907571
27896,-0.103800102212163
16260,-0.140158428853034
37758,-0.0629334890852014
52516,-0.127217638899029
24484,-0.0823720522742208
59849,-0.144812732715193
34637,-0.0931955902752427
10371,-0.0709279404249105
52265,-0.098032415857487
52022,-0.116886909542236
3665,-0.146108636927794
14759,-0.0857669562677959
26416,-0.151547784186318
34241,-0.160765131050595
56991,-0.0751259399868585
52851,-0.130247499452435
547,-0.0192925458129519
51768,-0.0488975688106886
3741,-0.0666751843469375
18575,-0.0759107833832228
36320,-0.178962546543039
20053,-0.0555413594217714
27993,-0.0725888880776814
34976,-0.148244141052785
60740,-0.114605388041177
52323,-0.166861356501424
57093,-0.0766226180915531
44036,-0.0408118566109368
53792,-0.0441154997444697
18763,-0.0198218588011974
25835,-0.0899832080017524
60728,-0.0712747316930716
17910,-0.0910783383222603
19656,-0.0748886617507483
57415,-0.0326166313791343
34195,-0.039844491494488
36806,-0.0664196539388187
4487,-0.0768233919836462
17429,-0.071256479521063
40300,-0.0750164269548076
30728,-0.156621888004673
31620,-0.0768233919836462
37432,-0.0619661239687523
31134,-0.0635175585894723
15969,-0.0928853033510988
22363,-0.0789588961086371
32697,-0.0712747316930716
3097,-0.053351098780755
1223,-0.0895269037015405
20925,-0.0933416076513107
17440,-0.0360115353727094
56763,-0.11325472731255
35296,-0.0547747681974156
3293,-0.0974300941812075
20315,-0.0782288092282983
10522,-0.0697598014163687
55861,-0.0696320362123093
59753,-0.10265021537563
12468,-0.0674417755712932
43318,-0.0405198218588013
55621,-0.115700518361685
28408,-0.0657625757465138
48061,-0.112214353508067
60883,-0.101901876323283
33519,-0.0906402861940571
56546,-0.0748521574067315
1973,-0.0215010586259765
41641,-0.0677155581514199
58601,-0.0864057822880923
12302,-0.037508213477404
49605,-0.103325545739943
64684,-0.11194057092794
514,-0.0978863984814193
38649,-0.0652880192742937
17335,-0.0447360735927577
19335,-0.0569285244944149
25807,-0.0686646710958605
8941,-0.00949112944440389
24539,-0.0694495144922248
64411,-0.0384573264218442
11059,-0.00903482514419229
62329,-0.0873913995765496
19941,-0.105296780316858
34998,-0.0400270132145726
53661,-0.078411330948383
445,-0.0433671606921225
31367,-0.0135978681463095
32642,-0.0446448127327152
61542,-0.0441885084325037
21516,-0.0969190333649705
24081,-0.0786121048404761
1191,-0.0711104621449953
33654,-0.0605789588961088
36231,-0.0462510038694606
60711,-0.0475834124260788
26479,-0.0628239760531505
26883,-0.0450463605169016
56288,-0.0403190479667082
16641,-0.0582426808790247
39990,-0.0806380959334163
20736,-0.062148645688837
12775,-0.0502482295393152
40831,-0.0410673870190553
38358,-0.0415784478352926
63544,-0.00379645177776161
19483,-0.130284003796452
19833,-0.118000292034752
19402,-0.0965722420968095
261,-0.0651602540702346
43683,-0.0780827918522306
18635,-0.078648609184493
59761,-0.120427830911879
61227,-0.0316492662626852
36912,-0.0666021756589035
31069,-0.055486602905746
31896,-0.0845440607432286
12009,-0.0140359202745128
16709,-0.0212272760458495
44542,-0.0447725779367746
9917,-0.0219573629261883
4100,-0.00691757319120989
3919,-0.0878111995327446
50029,-0.0812404176096957
44996,-0.00425275607797343
39533,0.00563992115061684
40256,-0.0207527195736293
25168,-0.0351536832883114
31299,-0.0312842228225159
8063,0.00824998174782787
45621,-0.0721690881214866
55119,-0.0334197269475069
37539,-0.0249324669635687
61602,-0.0726436445937068
97,-0.0322150835949478
1557,0.00454479083010861
182,-0.00240928670511809
40001,-0.0117726509454625
8240,-0.0486967949185955
54202,-0.0131050595020809
9197,-0.00883405125209896
25919,-0.0408483609549537
40243,-0.0306088924582027
21638,-0.0134701029422502
42568,-0.0324341096590495
43903,-0.0881944951449224
14554,-0.0405928305468352
34545,-0.0514893772358911
48221,-0.0923194860188364
64974,-0.0824268087902462
54558,-0.0303898663941011
4348,-0.00375994743374475
14643,-0.00229977367306727
13258,-0.0114623640213186
13100,-0.0467985690297147
45890,-0.0573483244506096
29166,-0.0167007373877493
7126,-0.0366686135650143
49132,-0.0358472658246332
852,-0.0169562677958678
36272,-0.0314302401985836
4457,-0.0096006424764547
31485,0.0187814849967145
60679,0.00688106884719264
4478,-0.0296050229977368
45999,-0.0604694458640579
408,-0.00578593852668485
28505,-0.00600496459078653
49710,0.0265204059283054
37026,-0.0330181791633204
10071,0.00914433817624305
43159,-0.0130685551580638
47312,-0.00914433817624311
28469,-0.020898736949697
4838,0.0265751624443309
41307,-0.00553040811856614
143,-0.01144411184931
31918,0.0068628166751844
5216,0.0108782945170476
63467,-0.0300065707819232
39565,0.0461414908374097
63653,-0.0175038329561219
33088,0.0173760677520624
1948,0.029385996933635
28950,-0.00750164269548087
23593,-0.0529312988245603
61628,-0.00576768635467634
14899,-0.0372161787252684
23326,0.01704752865591
13030,-0.0298970577498724
7421,0.0230159889026793
55100,0.0184164415565452
27477,-0.062221654376871
54209,-0.0131780681901146
41149,-0.0164452069796306
45170,0.0364860918449293
2290,-0.0442615171205373
60607,-0.0513433598598234
3738,-0.0157698766153174
54034,-0.0108782945170476
43369,-0.0584982112871432
1352,-0.0504124990873915
31826,-0.0520186902241366
7954,-0.0606519675841427
31147,-0.00023727823611025
44495,-0.0125757465138354
14474,0.0397349784624368
3435,0.0362123092648023
21895,0.00308461706943119
9183,-0.0118821639775133
61141,-0.0850368693874573
44493,-0.0379097612615902
20624,0.00443527779805786
7082,-0.0225231802584507
11859,-0.00461779951814273
2326,0.015842885303351
43752,0.0518544206760603
61866,0.0123567204497333
2416,0.0108235380010221
61020,0.0775169745199678
48725,0.0124114769657587
59515,-0.0322333357669564
7139,0.00828648609184479
60229,0.0273417536686866
53567,0.0269037015404833
35998,0.01525881579908
58030,0.0101847119807255
52378,-0.00637000803095583
46250,0.0529312988245602
32074,0.0075016426954807
56397,0.021720084690078
10461,-0.0147477549828431
3148,0.0197305979411549
14690,-0.0161166678834781
56669,0.0462692560414688
29252,-0.0103307293567936
31777,0.0232350149667809
45894,0.03969847411842
3501,-0.0395159523983356
42178,0.0203694239614514
57700,0.0575673505147111
32227,-0.0046360516901513
35742,-1.82521720086259e-05
43508,-0.0279805796889831
30707,0.0358290136526245
17294,0.0213915455939255
43954,0.0457946995692486
65012,0.0365591005329634
36324,0.0340768051398117
9671,-0.0605059502080748
5622,-0.0341680659998541
11405,-0.0515441337519165
53080,-0.0125574943418268
27565,0.0215375629699932
60984,0.0490253340147475
29821,0.0095823903044463
56260,-0.00551215594655785
27454,0.0649777323501496
16152,0.0269949624005256
28859,0.0804008176973059
32074,0.0075016426954807
28319,0.0432028911440462
32486,-0.053351098780755
32944,-0.00713659925531157
15572,0.021519310797985
35431,-0.0138168942104112
26163,0.0732824706140031
52910,0.0300613272979485
42038,0.0483500036504344
15382,0.0353362050083958
26207,0.0133058333941738
63517,0.0295867708257281
29509,0.0422902825436225
15170,-0.0126122508578522
27353,0.0291304665255165
16224,0.0541359421771189
46645,0.040629334890852
1883,0.0442250127765204
41687,0.0582609330510329
12565,0.0185624589326129
29765,0.0180513981163759
54153,0.0757282616631378
10794,-0.0212272760458495
9307,0.0835036869387457
19838,0.0272322406366358
55594,0.0600496459078631
11427,0.0487332992626122
29830,-0.0278893188289408
34375,-0.0309921880703806
26441,0.0167189895597575
4302,-0.0311747097904651
50703,0.0146929984668174
24640,0.0216835803460611
58379,0.0570015331824487
30478,0.0572388114185587
5647,-0.0357560049645909
28969,0.0664379061108271
54359,0.023709571439001
40596,0.0599766372198292
58275,-0.00273782580127052
6308,0.0449368474848507
10653,-0.038366065561802
47884,0.0266664233043731
46051,0.0211907717018325
44230,0.036778126597065
50267,0.0270314667445425
29381,0.0279805796889829
52526,0.0650872453822005
15275,0.024366649631306
23266,0.0140724246185295
14168,0.0423267868876396
59499,-0.007118347083303
27953,0.071493757757173
3945,0.0518179163320435
63208,0.0566182375702708
26422,0.0210265021537562
20535,0.040629334890852
13839,0.0999306417463677
63400,0.0651420018982258
53121,0.0558516463459151
10963,0.0839964955829744
27701,-0.00472731255019354
57006,0.0519639337081111
33389,0.0245491713513907
9311,0.053551872672848
64082,0.0453201430970286
43734,0.0508505512155946
30526,0.00626049499890491
24349,0.0322515879389645
14249,0.0945645031758778
21183,0.0763670876834343
47899,0.0727714097977658
50056,0.106902971453603
47194,0.103088267503833
3591,0.0238738409870772
14431,0.0497554208950864
21629,0.106391910637366
27268,0.0142549463386143
8778,0.0856939475797618
3021,0.00887055559611594
46419,0.0921187121267429
17383,0.0980871723735123
23095,0.0114258596773016
32607,0.0911148426662773
32280,0.0803643133532891
23519,0.0114623640213185
755,0.0489888296707307
40719,0.0454661604730963
56073,0.0705628969847412
39973,-0.0181974154924436
5734,0.0410126305030298
27127,0.103343797911952
50538,0.0626232021610571
39108,0.0597576111557275
21780,-0.0209169891217056
37250,0.0481127254143242
31793,0.0990910418339782
16305,0.0861867562239905
48241,0.0521829597722128
38725,-0.0158246331313427
16564,0.0211360151858071
32085,0.0789223917646199
63028,0.0673140103672337
8778,0.0856939475797618
37181,0.107121997517705
5443,0.0752537051909178
18081,0.0957143900124114
1058,0.110297875447178
1895,-0.00341315616558374
13063,0.0951120683361319
14591,0.0753632182229685
26865,0.0827736000584068
38074,0.033164196539388
6610,0.104165145652332
5463,0.0610535153683287
12289,0.0884500255530408
43,0.0633897933854127
26825,0.0775169745199678
61882,0.0593743155435497
51079,0.129188873475944
49445,0.0799810177411112
44302,0.13650799445134
17010,0.13114185588085
54462,0.10765131050595
48618,0.0789223917646199
21922,0.052109951084179
34849,0.0982514419215885
16254,0.129736438636198
40189,0.11301744907644
58737,0.0785025918084251
32577,0.0920091990946922
8998,0.117653500766591
40701,0.0703438709206394
833,0.119478717967438
8574,0.129444403884062
15046,0.113619770752719
62684,0.07713367890779
60868,0.0662371322187341
22211,0.105570562896985
34993,0.0616375848725997
62783,0.0625319413010148
10164,0.120245309191794
41991,0.0454296561290793
31005,0.0855296780316855
10050,0.102942250127765
47694,0.0116996422574287
11634,0.0931590859312257
26924,0.0578593852668468
52605,0.099127546177995
52266,0.131963203621231
1551,0.0291852230415419
2428,0.0471453602978753
32797,0.113437249032635
33010,0.0225049280864423
5943,0.0229612323866538
23973,0.0774622180039424
33998,0.138004672556034
4861,0.103289041395926
36311,0.158848652989706
28052,0.133076586113747
19413,0.122654595896912
62907,0.125282908666131
62885,0.0765313572315104
35779,0.138661750748339
17839,0.14282324596627
11656,0.0900379645177775
42067,0.0790319047966707
2615,0.139629115864788
59010,0.139154559392568
20377,0.0910235818062348
40041,0.113418996860626
42083,0.125319413010148
42795,0.0954223552602758
26230,0.0953675987442504
49816,0.0964079725487331
25257,0.115353727093524
18923,0.102960502299774
2270,0.155964809812368
36538,0.0610170110243119
9933,0.168394538950135
44157,0.142093159085931
41530,0.123329926261225
32744,0.102212163247426
31948,0.14961305395342
948,0.0949112944440388
7904,0.148718697525005
62830,0.114769657589253
10747,0.108855953858509
5738,0.121084909104183
44953,0.146966489012192
55089,0.179017303059064
4350,0.150343140833759
21267,0.128093743155435
62802,0.115298970577498
34366,0.112944440388406
47482,0.109275753814704
32069,0.0856939475797618
13094,0.129024603927867
53259,0.116704387822151
40022,0.1043111630284
44239,0.0403738044827334
26377,0.140359202745127
16278,0.0765861137475359
43141,0.150416149521793
54915,0.0735562531941301
50665,0.118347083302913
9446,0.108436153902314
29351,0.121705482952471
8775,0.112433379572169
47590,0.139172811564576
32190,0.159578739870044
19720,0.166094765277068
25634,0.11635759655399
53483,0.0994743374461561
43923,0.142001898225889
15152,0.110060597211068
3078,0.160290574578375
57735,0.0994743374461561
8081,0.141436080893626
61209,0.145670584799591
40830,0.129645177776155
3851,0.140632985325254
50545,0.116302840037964
46967,0.120665109147989
15939,0.175932685989633
45940,0.119405709279404
61189,0.150087610425641
48213,0.163630722055925
8983,0.130503029860553
3851,0.140632985325254
3671,0.154486383879682
6567,0.132054464481273
10314,0.167043878221508
28687,0.146510184711981
3098,0.107760823538001
44486,0.134445499014383
9446,0.108436153902314
37252,0.0897276775936335
22608,0.13327736000584
57285,0.123202161057166
41626,0.0962071986566401
59936,0.0954041030882675
8110,0.143608089362634
57372,0.147258523764328
17002,0.175932685989633
53802,0.0988720157698766
48560,0.189366284587866
53092,0.167189895597576
540,0.195480762210703
42698,0.190643936628459
61391,0.133496386069942
47558,0.110297875447178
62353,0.12517339563408
55790,0.0904760166459807
50040,0.115207709717456
24499,0.105260275972841
2813,0.156986931444842
22450,0.185825363218223
38041,0.135303351098781
38634,0.141144046141491
53534,0.171971964663795
63449,0.145342045703439
23177,0.0919544425786667
14450,0.149229758341243
63305,0.098652989705775
36476,0.137128568299628
43111,0.191830327809009
36925,0.152734175366869
50310,0.142859750310287
64633,0.144228663210922
40115,0.150708184273929
28504,0.154468131707673
38576,0.164506826312331
59774,0.0863145214280499
41414,0.1872855369789
14389,0.135631890194933
23846,0.143735854566693
37796,0.181171059356063
60567,0.156786157552749
43709,0.180185442067606
15576,0.155143462071986
26784,0.167208147769584
31482,0.174947068701175
25880,0.169252391034533
51036,0.164780608892458
57000,0.142731985106227
37838,0.103143024019858
43390,0.18144484193619
53229,0.196028327370957
13984,0.151985836314521
64960,0.171953712491786
61894,0.192505658173323
10954,0.163794991604001
58625,0.137530116083814
42429,0.149540045265386
52076,0.190041614952179
58555,0.139829889756881
30278,0.111831057895889
2833,0.0996386069942323
11190,0.120519091771921
5322,0.161239687522815
10815,0.190424910564357
25099,0.160491348470468
38374,0.147477549828429
49887,0.20696137840403
44656,0.186391180550486
7149,0.189840841060086
7278,0.179272833467183
59558,0.196302109951084
4744,0.223789880995838
43383,0.257702416587574
33997,0.160363583266409
27456,0.167043878221508
29096,0.161476965758925
25254,0.181134555012046
26278,0.216196977440315
43461,0.170091990946923
36949,0.158337592173469
59372,0.214298751551435
6748,0.171844199459736
24778,0.144520697963057
55709,0.205665474191429
47011,0.16857706067022
48030,0.14687522815215
8214,0.192615171205373
38863,0.222201942031101
23049,0.192231875593195
22157,0.199131196612397
36721,0.192797692925458
19244,0.179345842155216
8199,0.250492808644229
11007,0.184894502445791
21474,0.180550485507775
5167,0.214097977659341
28955,0.181499598452216
57346,0.153847557859385
36502,0.190443162736366
62409,0.166277286997153
59730,0.138935533328466
48240,0.145524567423523
50816,0.159304957289917
6623,0.203529970066438
61066,0.214645542819596
34149,0.168942104110389
12707,0.194002336278017
33447,0.194549901438271
19072,0.150981966854056
40799,0.179619624735343
50171,0.219226837993721
54151,0.249306417463678
598,0.163849748120026
13741,0.105917354165146
57548,0.151383514638242
61630,0.139629115864788
58268,0.207545447908301
888,0.243228444184858
10273,0.203274439658319
2520,0.152679418850843
16836,0.294955099656859
37341,0.184748485069723
19228,0.216726290428561
39693,0.204880630795064
52387,0.187139519602833
33867,0.245619478717967
38775,0.167208147769584
1573,0.219537124917865
30239,0.221179820398627
6388,0.204041030882675
9815,0.176407242461853
47858,0.206687595823903
30479,0.172884573264218
18395,0.187833102139154
27383,0.228261663137913
44530,0.192012849529094
28567,0.223187559319559
27096,0.189256771555815
3880,0.203438709206396
35737,0.151000219026064
10973,0.154559392567716
39777,0.211524421406147
29922,0.230725706359057
49563,0.195444257866686
26733,0.183014528728919
57639,0.22937504563043
60860,0.184091406877418
18590,0.212455282178579
26712,0.21161568226619
60256,0.170018982258889
13441,0.202580857121997
38775,0.167208147769584
40501,0.186829232678689
10711,0.194914944878441
24527,0.177776155362488
31302,0.16618602613711
13330,0.19980652697671
3174,0.192542162517339
54565,0.222676498503322
7268,0.231054245455209
9492,0.16273636562751
2657,0.134646272906476
30436,0.181645615828283
7673,0.187851354311163
46312,0.216160473096298
30662,0.135011316346645
26472,0.159049426881799
8008,0.209261152077097
11988,0.247901000219026
63273,0.212108490910418
59837,0.236055340585529
36756,0.280535883770169
43232,0.204917135139081
14636,0.264839015842885
18251,0.259983938088632
32095,0.189548806307951
32334,0.221252829086661
37057,0.225633350368694
50823,0.194257866686136
26307,0.279714536029787
20619,0.21053880411769
53186,0.263360589910199
33959,0.261170329269183
16644,0.224355698328101
7791,0.218843542381543
25845,0.191118493100679
48149,0.221599620354822
46242,0.22424618529605
50866,0.276410892896255
46752,0.257647660071548
39320,0.218953055413594
58298,0.203895013506607
18345,0.227841863181719
41562,0.197744031539753
38004,0.18049572899175
18349,0.216288238300358
37607,0.286942396145141
39239,0.2825436226911
19493,0.20982696940936
50327,0.196192596919033
5045,0.234339636416733
10785,0.246331313426298
62373,0.244743374461561
34393,0.238154340366504
25434,0.162316565671315
48684,0.242534861648536
4112,0.20601226545959
57744,0.232879462656056
27063,0.185788858874206
20606,0.214024968971308
54674,0.222986785427466
24809,0.16237132218734
22566,0.216324742644375
2812,0.163941008980069
7104,0.267540337300139
25999,0.194276118858144
22703,0.153208731839089
17611,0.169818208366796
40813,0.239997809739359
29294,0.240490618383588
60042,0.264346207198657
33154,0.281850040154778
9252,0.282762648755202
30158,0.261991677009564
1502,0.254800321238227
54591,0.292637073811783
47422,0.21303935168285
16476,0.21053880411769
58278,0.271172519529824
334,0.221800394246915
34239,0.184638972037672
7083,0.255986712418778
39475,0.255019347302329
9252,0.282762648755202
63176,0.205136161203183
63382,0.30543184638972
60613,0.26633569394758
28981,0.294279769292546
40813,0.239997809739359
26614,0.227422063225524
34239,0.184638972037672
26614,0.227422063225524
50792,0.218058698985179
47422,0.21303935168285
28783,0.29780243849018
57245,0.219774403153975
43486,0.284259326859896
3779,0.234211871212674
2016,0.263196320362123
44824,0.208677082572826
52360,0.246532087318391
35660,0.276812440680441
63825,0.250821347740381
45528,0.276538658100314
52904,0.22627217638899
8228,0.255001095130321
19090,0.240435861867562
29368,0.27181134555012
35828,0.293075125939987
57901,0.261006059721107
40813,0.239997809739359
43517,0.226418193765058
7553,0.217784916405052
55945,0.22853544571804
48218,0.242206322552384
17146,0.229101263050303
20863,0.241111192231875
36044,0.248466817551289
11307,0.274749945243484
48009,0.284551361612032
21241,0.270770971745638
21722,0.298295247134409
31376,0.305888150689932
38498,0.281083448930423
18613,0.280681901146236
27753,0.251952982404906
28615,0.283218953055413
30642,0.321365992553114
39123,0.289625465430386
16990,0.274238884427247
53422,0.288968387238081
20742,0.249361173979704
63561,0.276958458056509
27967,0.254362269110024
35231,0.292308534715631
39751,0.270168650069358
23555,0.234814192888954
208,0.233481784332335
20247,0.305815142001898
40519,0.21125063882602
61275,0.249306417463678
63412,0.242936409432722
42291,0.254544790830109
47024,0.279002701321457
51154,0.320325618748631
4985,0.311564576184566
33586,0.274731693071475
15515,0.295429656129079
25755,0.2622837117617
7642,0.261024311893115
63888,0.262009929181573
27753,0.251952982404906
62039,0.289990508870556
27625,0.257209607943345
64425,0.285518726728481
49434,0.287033657005183
22323,0.268270424180477
23760,0.267339563408046
22542,0.226892750237278
31510,0.283346718259473
51317,0.26454698109075
15986,0.291359421771191
20854,0.211049864933927
64050,0.291213404395123
17458,0.20243483974593
3949,0.243575235453019
52922,0.258706286048039
62835,0.272048623786231
42158,0.311181280572388
57074,0.253869460465796
55927,0.319887566620428
27965,0.318153610279623
55772,0.278181353581076
25253,0.314594436737972
56140,0.31282397605315
24587,0.29601372563335
46741,0.323574505366138
16949,0.279075710009491
57377,0.259874425056582
48144,0.33381397386289
43259,0.289625465430386
12891,0.308133167846974
16385,0.352248667591443
16959,0.263524859458276
46794,0.258249981747828
3578,0.296798569029714
2653,0.300613272979484
6660,0.339271373293422
47772,0.322023070745419
11086,0.334507556399211
11637,0.3094838285756
48212,0.302657516244433
4922,0.314448419361904
50599,0.350697232970723
7612,0.328758122216544
1995,0.277998831860991
32795,0.320051836168504
44782,0.33607724319194
48082,0.314904723662116
59154,0.311582828356574
12100,0.316857706067022
57798,0.362853179528364
41766,0.33094838285756
41128,0.334872599839381
19,0.305504855077754
1835,0.317971088559538
12393,0.277122727604585
20161,0.27885668394539
17472,0.306618237570271
63403,0.343213842447251
26284,0.291998247791487
25268,0.279057457837483
17643,0.253321895305541
3190,0.311071767540337
63029,0.293458421552165
819,0.316127619186683
14946,0.331696721909907
26790,0.353946119588231
7851,0.313791341169599
19276,0.29756516025407
13343,0.288931882894064
49165,0.354402423888443
30395,0.313280280353362
1295,0.253194130101482
39000,0.309447324231583
46421,0.364696648901219
39352,0.346700007300869
52792,0.296962838577791
8449,0.335091625903482
2789,0.320581149156749
32331,0.274585675695408
29434,0.278217857925093
45916,0.336186756223991
39670,0.345203329196174
23918,0.373767978389428
26875,0.341881433890633
1026,0.331149156749653
6096,0.370738117836022
15877,0.333594947798788
30418,0.320781923048843
19722,0.307165802730525
27532,0.31747827991531
63694,0.295393151785062
64839,0.348525224501716
62893,0.336643060524202
37640,0.279513762137694
40295,0.31174709790465
21998,0.284660874644083
57003,0.347265824633131
65329,0.350332189530554
22237,0.293586186756224
8729,0.313262028181353
41103,0.323026940205884
24806,0.36015185807111
40760,0.364149083740965
12418,0.32808279185223
12558,0.318755931955903
32487,0.291067387019055
35605,0.307676863546762
436,0.241786522596189
24684,0.324614879170621
12243,0.301106081623713
52835,0.312550193473023
48015,0.331678469737899
28700,0.312750967365116
29046,0.323337227130028
9993,0.306618237570271
33347,0.333083886982551
59651,0.359878075490983
39717,0.342812294663065
44985,0.30614368109805
7886,0.293494925896182
32611,0.337354895232533
40140,0.301398116375849
21101,0.366430605242024
63961,0.307512593998686
37212,0.307676863546762
35842,0.334416295539169
46919,0.361265240563627
20953,0.358600423450391
31821,0.343852668467547
49562,0.342520259910929
55834,0.335912973643863
38310,0.36278017084033
11727,0.329853252537052
52583,0.324085566182376
9794,0.360881944951449
37476,0.329761991677009
65204,0.379188873475944
60962,0.333138643498576
27552,0.328630357012484
7812,0.359257501642695
39952,0.371997517704607
14452,0.361721544863839
29618,0.361520770971746
40329,0.308735489523253
24796,0.375465430386216
55487,0.360790684091407
31821,0.343852668467547
23556,0.376031247718479
40336,0.376341534642622
36125,0.342648025114988
30136,0.367087683434329
1547,0.344381981455793
24802,0.39211141125794
30918,0.288877126378039
62915,0.355753084617069
37212,0.307676863546762
23189,0.348306198437614
3258,0.380101482076367
21580,0.359604292910856
21247,0.334799591151347
30877,0.39390012411477
10761,0.365025187997371
8959,0.374644082645835
52611,0.358819449514492
7370,0.362597649120245
18714,0.284971161568227
44871,0.381525151493028
7289,0.380192742936409
19962,0.354019128276265
41452,0.357961597430094
59751,0.366175074833905
41682,0.401493027670293
34490,0.400726436445937
61176,0.346225450828648
47046,0.386544498795356
29228,0.36885814411915
36732,0.385358107614806
20020,0.350149667810469
48130,0.329488209096882
45577,0.320362123092648
56031,0.350569467766664
55990,0.345221581368183
53002,0.364441118493101
60709,0.433562093889173
24193,0.379371395196028
6976,0.37064685697598
39613,0.366923413886252
64607,0.389574359348762
25691,0.405161714243995
54630,0.375264656494123
51396,0.39055997663722
3730,0.361685040519822
3409,0.350405198218588
17153,0.376980360662919
45577,0.320362123092648
49046,0.4036650361393
30296,0.346827772504928
21883,0.376761334598817
59901,0.288074030809666
40184,0.322826166313791
40680,0.365371979265533
19797,0.366996422574286
39126,0.411714243995035
38522,0.356172884573264
44546,0.402788931882894
15884,0.393644593706651
20384,0.387146820471636
25773,0.353781850040155
23591,0.373658465357377
810,0.375136891290063
50160,0.327626487552019
14783,0.373475943637293
61365,0.373366430605242
12816,0.349419580930131
11543,0.317861575527488
53570,0.38888077681244
34084,0.359750310286924
5619,0.332773600058407
34035,0.421880703803753
52798,0.32415857487041
60961,0.386252464043221
3862,0.35599036285318
30491,0.451084179017303
36018,0.372691100240929
5854,0.391527341753668
21108,0.359220997298678
58587,0.366813900854201
32975,0.447798788055779
38029,0.375228152150106
38029,0.375228152150106
32779,0.364970431481346
11362,0.407278966196977
10206,0.405161714243995
9686,0.410692122362561
63921,0.399101993137183
21727,0.412754617799518
18432,0.40950573118201
49079,0.365956048769803
8438,0.39734978462437
49864,0.408009053077316
28159,0.370683361319997
36943,0.380703803752647
2327,0.419507921442651
48908,0.391162298313499
48652,0.403153975323063
34000,0.404103088267504
13788,0.378568299627656
12530,0.411805504855078
10206,0.405161714243995
40255,0.410181061546324
62385,0.365591005329634
48652,0.403153975323063
227,0.390249689713076
33547,0.400890705994013
10206,0.405161714243995
59308,0.399065488793166
20615,0.403519018763233
61825,0.39211141125794
25775,0.378221508359495
64146,0.345568372636344
47612,0.359257501642695
44987,0.358618675622399
35858,0.387475359567788
34084,0.359750310286924
51974,0.416770095641381
21942,0.399028984449149
37677,0.464043221143316
10618,0.401310505950208
21556,0.450536613857049
7900,0.452726874498065
7900,0.452726874498065
17196,0.4618529605023
37677,0.464043221143316
51898,0.379572169088121
30315,0.361447762283712
11105,0.392257428634007
57124,0.425531138205446
61591,0.369624735343506
44052,0.421698182083668
33871,0.428999050887056
55573,0.410728626706578
43270,0.401310505950208
5671,0.360498649339271
49306,0.414579835000365
35819,0.445426005694677
62993,0.429911659487479
47896,0.409012922537782
42490,0.419325399722567
25703,0.388095933416077
34418,0.399284514857268
19065,0.412480835219391
42677,0.441045484412645
58010,0.360188362415127
41314,0.39306052420238
45725,0.431554354968241
10622,0.43228444184858
55794,0.385485872818865
61878,0.428086442286632
21961,0.388022924728043
3092,0.397422793312404
30318,0.403537270935241
35079,0.389665620208805
55794,0.385485872818865
45510,0.421515660363583
13464,0.43812513689129
3092,0.397422793312404
25555,0.410126305030298
44599,0.417317660801635
20136,0.430641746367818
45510,0.421515660363583
13464,0.43812513689129
62993,0.429911659487479
45836,0.418777834562313
44008,0.431371833248156
11554,0.406895670584799
20136,0.430641746367818
51669,0.433562093889173
24538,0.375355917354165
41932,0.410254070234358
30366,0.456742352339928
24140,0.450171570416879
30206,0.406713148864715
14496,0.438855223771629
2721,0.425896181645616
20478,0.427538877126378
42118,0.40247864495875
61317,0.47353435058772
24140,0.450171570416879
64858,0.445608527414762
58876,0.398298897568811
58373,0.455282178579251
56651,0.456924874060013
41242,0.389154559392568
44898,0.458932612980945
58016,0.419142878002482
35109,0.461305395342046
43641,0.415492443600788
2721,0.425896181645616
48596,0.434657224209681
64858,0.445608527414762
25979,0.417865225961889
26064,0.399813827845514
7838,0.459662699861283
7838,0.459662699861283
7303,0.485945827553479
30366,0.456742352339928
61262,0.448528874936117
23287,0.387530116083814
60170,0.49105643571585
32419,0.460757830181792
32110,0.427356355406293
58373,0.455282178579251
12838,0.405015696867927
30206,0.406713148864715
44142,0.422428268964007
64751,0.423705921004599
29679,0.41439731328028
51514,0.440315397532306
56651,0.456924874060013
25463,0.413849748120026
7419,0.422428268964007
2721,0.425896181645616
25463,0.413849748120026
61317,0.47353435058772
7303,0.485945827553479
64858,0.445608527414762
59113,0.398444914944878
8267,0.460940351901876
56342,0.431736876688326
13032,0.483573045192378
49373,0.436664963130612
29050,0.475724611228736
8267,0.460940351901876
13032,0.483573045192378
59113,0.398444914944878
51761,0.474812002628313
57199,0.43812513689129
56342,0.431736876688326
57429,0.431371833248156
48504,0.432101920128495
29050,0.475724611228736
26468,0.425531138205446
33171,0.467511133824925
57262,0.469518872745857
25714,0.417317660801635
57199,0.43812513689129
57199,0.43812513689129
51761,0.474812002628313
13032,0.483573045192378
34529,0.453456961378404
34529,0.453456961378404
12819,0.418230269402059
13382,0.47937504563043
57199,0.43812513689129
13032,0.483573045192378
57429,0.431371833248156
26468,0.425531138205446
48504,0.432101920128495
48504,0.432101920128495
56342,0.431736876688326
59113,0.398444914944878
57199,0.43812513689129
12819,0.418230269402059
39665,0.450354092136964
8267,0.460940351901876
13382,0.47937504563043
39665,0.450354092136964
65284,0.455099656859166
53993,0.458567569540775
57262,0.469518872745857
38021,0.487406001314156
38223,0.406202088048478
12819,0.418230269402059
39487,0.407278966196977
57262,0.469518872745857
26468,0.425531138205446
54433,0.44122800613273
35566,0.454734613418997
54433,0.44122800613273
18232,0.488683653354749
56162,0.470796524786449
33386,0.46769365554501
33386,0.46769365554501
43026,0.477732350149668
18232,0.488683653354749
56162,0.470796524786449
33386,0.46769365554501
54433,0.44122800613273
54433,0.44122800613273
25420,0.478279915309922
43026,0.477732350149668
54433,0.44122800613273
35566,0.454734613418997
54433,0.44122800613273
33386,0.46769365554501
33386,0.46769365554501
25420,0.478279915309922
56162,0.470796524786449
54433,0.44122800613273
51187,0.450536613857049
37235,0.5
33386,0.46769365554501
25420,0.478279915309922
56162,0.470796524786449
51187,0.450536613857049
56162,0.470796524786449
43026,0.477732350149668
33386,0.46769365554501
37235,0.5
35566,0.454734613418997
37235,0.5
54433,0.44122800613273
51187,0.450536613857049
37235,0.5
56162,0.470796524786449
33386,0.46769365554501
54433,0.44122800613273
56162,0.470796524786449
56162,0.470796524786449
35566,0.454734613418997
56162,0.470796524786449
37235,0.5
56162,0.470796524786449
33386,0.46769365554501
35566,0.454734613418997
35566,0.454734613418997
