"LabID","DateTime","NIR_Pol","NIR_Brix","NIR_Ash","NIR_Fibre"
15022,2023-02-15 03:33:29,72.2766666666667,19.51235,1.335815,13.7102416666667
15023,2023-02-15 03:41:51,74.287772,19.852708,1.971744,14.041228
15024,2023-02-15 03:58:42,73.4153157894737,19.7714,1.94721578947368,14.1558157894737
15025,2023-02-15 04:11:29,74.1560727272727,19.7886909090909,2.12966363636364,14.5533545454545
15026,2023-02-15 04:26:36,83.3204923076923,21.7298307692308,1.57235384615385,14.7603076923077
15027,2023-02-15 04:37:22,81.4033533333333,21.47388,1.89108666666667,15.01976
15028,2023-02-15 04:47:25,83.760752631579,21.9678526315789,1.46943684210526,14.5350368421053
15029,2023-02-15 05:00:20,72.0825034482759,19.3690586206897,2.46063103448276,15.062024137931
15030,2023-02-15 05:18:37,73.4563142857143,19.5651142857143,2.37315714285714,14.9174904761905
15031,2023-02-15 05:32:40,72.7434684210526,19.6453421052632,1.7557,15.1673947368421
15032,2023-02-15 05:45:35,71.1225,19.3391125,1.86651875,14.14316875
15033,2023-02-15 05:57:05,73.7933642857143,19.8438678571429,1.8271,14.0934035714286
15034,2023-02-15 06:17:56,75.5403666666667,20.0129333333333,1.7218,13.6954666666667
15035,2023-02-15 06:21:01,73.5201142857143,19.8471357142857,1.79108571428571,14.8723
15036,2023-02-15 06:30:59,79.0995857142857,20.9191214285714,1.95535357142857,14.87385
15037,2023-02-15 06:49:55,81.7466333333333,21.4286166666667,1.9323,15.1554416666667
15038,2023-02-15 06:58:26,74.2957571428571,20.0207714285714,1.68478571428571,14.3707857142857
15039,2023-02-15 07:04:24,77.17606,20.52354,1.81804,14.86012
15040,2023-02-15 07:09:05,74.7909666666667,19.9614583333333,2.57991666666667,15.7778083333333
15041,2023-02-15 07:17:46,78.3058,20.68795,2.74931666666667,16.1828
15042,2023-02-15 07:22:52,83.671,21.8669833333333,1.88401666666667,14.9049333333333
15043,2023-02-15 07:32:13,75.0034222222222,20.2498666666667,1.86318888888889,15.0179
15044,2023-02-15 07:39:00,83.40385,21.914775,1.864478125,15.041575
15045,2023-02-15 07:59:51,83.17725,21.796705,1.89998,15.13123
15046,2023-02-15 08:13:41,72.54149,19.79106,1.57581,13.96249
15047,2023-02-15 08:21:44,71.6599133333333,19.3782866666667,1.56484,13.8475266666667
15048,2023-02-15 08:32:25,74.2017733333333,19.9194466666667,1.90695333333333,14.3460933333333
15049,2023-02-15 08:43:08,70.417705,19.21877,2.293135,15.7687
15051,2023-02-15 09:04:12,74.0055636363636,20.0055590909091,2.12202727272727,15.4659454545455
15052,2023-02-15 09:19:40,74.52125,19.9328,1.98565,15.10215
15053,2023-02-15 09:22:52,69.77575,18.92283125,2.35775625,14.14456875
15054,2023-02-15 09:33:56,69.6264,19.2447,2.0527,14.6186
15055,2023-02-15 09:35:37,71.3253666666667,19.4462666666667,2.60443333333333,15.1149666666667
15056,2023-02-15 09:38:51,76.69682,20.38924,2.00404,14.3201666666667
15057,2023-02-15 09:51:03,76.2356904761905,20.3445380952381,2.06978095238095,14.9637714285714
15058,2023-02-15 10:05:36,75.5486333333333,20.1326333333333,2.1844,15.0762666666667
15059,2023-02-15 10:10:34,76.0920444444444,20.2226777777778,2.58782222222222,15.9454833333333
15060,2023-02-15 10:23:59,79.6946,20.8841,2.56642,15.44844
15061,2023-02-15 10:28:21,75.0217666666667,19.9803666666667,2.163,14.8366333333333
15062,2023-02-15 10:33:44,77.7580666666667,20.6361,2.26401666666667,15.0501166666667
15063,2023-02-15 10:40:01,77.2524,20.648675,2.17525,15.467075
15064,2023-02-15 10:43:41,72.4040222222222,19.4705037037037,2.56381111111111,15.4675555555556
15065,2023-02-15 11:01:19,71.68809,19.36439,2.79622,15.71952
15066,2023-02-15 11:08:59,79.2165,20.8461,2.43583333333333,15.7611333333333
15067,2023-02-15 11:12:15,80.2913222222222,21.2132333333333,2.40663333333333,15.6675111111111
15068,2023-02-15 11:20:14,74.89148,19.9139066666667,2.35037333333333,14.5348933333333
15069,2023-02-15 11:34:59,77.7803818181818,20.5996409090909,2.18491363636364,15.0322090909091
15070,2023-02-15 11:51:03,74.87375,19.97585,2.40895,14.861
15071,2023-02-15 11:54:11,74.3743777777778,19.9536222222222,1.9347,14.4759333333333
15072,2023-02-15 12:01:55,75.814596,19.9892,2.405644,15.068288
15073,2023-02-15 12:18:44,76.032052173913,20.1061869565217,2.57000434782609,15.3247086956522
15074,2023-02-15 12:35:08,76.8657,20.2434,2.4717,15.243375
15075,2023-02-15 12:38:34,83.4177666666667,21.7187208333333,2.00335,15.4032958333333
15076,2023-02-15 12:55:11,68.9964,19.01935,1.88235,13.88865
15077,2023-02-15 12:58:27,67.48305,18.4295,2.0323,13.86045
15078,2023-02-15 13:10:58,78.3482545454545,20.6322272727273,2.11052545454545,15.5199181818182
15079,2023-02-15 13:19:20,77.4607266666667,20.5890133333333,1.88346666666667,14.5692266666667
15080,2023-02-15 13:30:55,72.5653296296296,19.7074740740741,2.27666296296296,15.7335444444444
15081,2023-02-15 13:49:03,72.34,19.62288,2.22956,15.52382
15082,2023-02-15 13:53:33,75.0457,19.844925,1.950325,14.6419
15083,2023-02-15 13:57:25,75.8279066666667,20.1286933333333,1.99045333333333,14.8599866666667
15084,2023-02-15 14:07:57,76.3160142857143,20.4484107142857,2.24585,15.4929714285714
15085,2023-02-15 14:26:29,72.3753181818182,19.6451590909091,2.43369545454545,15.8000545454545
15086,2023-02-15 14:42:43,79.945425,21.1113291666667,2.19162083333333,14.8652333333333
15087,2023-02-15 14:58:58,80.44785,21.24195625,2.57046875,16.23635
15088,2023-02-15 15:10:01,81.88704,21.54706,2.37768,15.5505
15089,2023-02-15 15:14:11,73.5447727272727,19.7431545454545,2.21349545454545,14.5599863636364
15090,2023-02-15 15:29:22,81.61521,21.375615,1.71374,14.54998
15091,2023-02-15 15:43:43,78.8109272727273,20.8378636363636,2.32634545454545,15.3915863636364
15092,2023-02-15 15:59:02,79.7149090909091,21.0917909090909,2.00258181818182,15.0513
15093,2023-02-15 16:08:21,81.2113,21.30745,1.69955,14.30415
15094,2023-02-15 16:11:00,81.6177666666667,21.5092666666667,1.89643333333333,14.5708666666667
15095,2023-02-15 16:14:16,76.2120705882353,20.2920823529412,2.02837647058824,14.7713941176471
15096,2023-02-15 16:25:58,74.3848125,20.041575,1.8273,14.213925
15097,2023-02-15 16:32:00,70.6900058823529,19.1477529411765,1.85845882352941,14.0967352941176
15098,2023-02-15 16:44:37,69.5192,18.8002,1.58616666666667,14.1911666666667
15099,2023-02-15 16:48:59,73.5805333333333,19.8403,1.73863333333333,13.8246
15100,2023-02-15 16:52:25,75.8133,20.2854142857143,2.23848571428571,14.4983857142857
15101,2023-02-15 16:58:04,77.341588,20.570612,1.701376,14.486464
15102,2023-02-15 17:15:13,78.1728863636364,20.7084636363636,1.67304545454545,14.2444681818182
15103,2023-02-15 17:29:57,78.70575,20.833,1.8332,14.61255
15104,2023-02-15 17:34:04,76.0143,20.426,2.1792,15.4875
15105,2023-02-15 17:36:23,72.898175,19.718625,2.355425,14.841875
15106,2023-02-15 17:39:55,79.5831047619048,21.0211571428571,2.01248571428571,14.5931285714286
15107,2023-02-15 17:54:14,80.3734727272727,21.251,1.82902727272727,14.1962818181818
15108,2023-02-15 18:03:54,73.9060083333333,19.8977083333333,2.1206,14.7453916666667
15109,2023-02-15 18:12:25,82.3892666666667,21.6191083333333,1.55869166666667,14.0680666666667
15110,2023-02-15 18:20:57,80.62865,21.1433,2.0888,15.329125
15111,2023-02-15 18:24:31,77.9918,20.7039333333333,2.02843333333333,14.6794
15112,2023-02-15 18:27:44,78.0865333333333,20.7329666666667,2.24203333333333,14.9931
15113,2023-02-15 18:32:52,80.3876833333333,21.1751333333333,2.66571666666667,15.3945166666667
15114,2023-02-15 18:37:53,78.2954882352941,20.8245764705882,2.24809411764706,14.9875764705882
15115,2023-02-15 18:50:44,79.2416909090909,20.9202818181818,2.01871818181818,14.6692590909091
15116,2023-02-15 19:05:36,80.0172666666667,21.0573333333333,1.9135,14.9266333333333
15117,2023-02-15 19:08:54,81.0807333333333,21.2086666666667,2.21416666666667,15.2819666666667
15118,2023-02-15 19:12:59,81.4118793103448,21.3499103448276,2.26263448275862,15.7576103448276
15119,2023-02-15 19:31:58,79.8262076923077,20.9393846153846,2.45102307692308,15.3395384615385
15120,2023-02-15 19:41:25,75.5954375,20.0443375,2.1330375,14.8304
15121,2023-02-15 19:49:38,79.6116,20.9600666666667,2.12136666666667,14.4485333333333
15122,2023-02-15 19:52:53,81.7907964285714,21.5176535714286,1.72871428571429,14.5859392857143
15123,2023-02-15 20:11:22,79.7732076923077,21.0304384615385,1.9969,15.0842692307692
15124,2023-02-15 20:20:49,78.400075,20.858925,2.105275,14.552375
15125,2023-02-15 20:24:17,77.1475714285714,20.4920857142857,2.00024285714286,14.7903
15126,2023-02-15 20:29:41,77.3554666666667,20.63165,2.44123333333333,16.1666333333333
15127,2023-02-15 20:34:29,77.59673,20.55087,2.06592,14.81663
15128,2023-02-15 20:41:44,82.2876,21.5603766666667,1.89996666666667,14.79689
15129,2023-02-15 21:01:17,82.09454,21.43623,2.16819,15.43074
15130,2023-02-15 21:08:51,81.031392,21.2947,2.311348,15.818552
15131,2023-02-15 21:25:37,82.2904166666667,21.4830333333333,2.37096666666667,16.16225
15132,2023-02-15 21:30:18,81.4270166666667,21.2694916666667,2.15871666666667,15.5065666666667
15133,2023-02-16 21:46:29,82.198525,21.52828,2.58436,15.739185
15134,2023-02-16 21:59:56,79.6746375,21.044175,2.56666875,16.23049375
15135,2023-02-16 22:11:02,85.3821,22.176425,2.11745,15.276525
15136,2023-02-16 22:14:55,80.9736615384615,21.3935230769231,1.86856153846154,14.7258538461538
15137,2023-02-16 22:25:09,76.1582933333333,20.3520133333333,2.33428666666667,15.9915466666667
15138,2023-02-16 22:35:36,71.8333777777778,19.5385444444444,2.24454444444444,14.6522222222222
15139,2023-02-16 22:42:31,73.4237941176471,19.6758411764706,2.15936470588235,15.0196235294118
15140,2023-02-16 22:54:15,77.7107125,20.58376875,2.323575,14.78675625
15141,2023-02-16 23:07:01,72.68835,19.7767458333333,2.32776666666667,15.837325
15142,2023-02-16 23:26:51,69.9751909090909,19.1707227272727,2.31032727272727,15.6083045454545
15143,2023-02-15 23:43:06,71.907475,19.6409,2.352225,15.72635
15144,2023-02-15 23:46:37,78.8070166666667,20.8597,1.90576666666667,14.1718333333333
15145,2023-02-15 23:51:22,79.126916,20.98482,1.470866,13.80012
15146,2023-02-16 00:08:27,80.7577333333333,21.3329666666667,1.3563,13.9453
15147,2023-02-16 00:11:43,74.85102,20.099996,1.64224,13.857352
15148,2023-02-16 00:28:15,80.8958076923077,21.2765230769231,1.50310769230769,13.9375692307692
15149,2023-02-16 00:37:10,77.6981136363636,20.7561454545455,1.72039090909091,14.6765545454545
15150,2023-02-16 00:51:49,75.9857909090909,20.2793909090909,1.89825454545455,14.2208272727273
15151,2023-02-16 00:59:49,80.8912133333333,21.1735466666667,1.89824,14.0341066666667
15152,2023-02-16 01:12:16,77.3399888888889,20.6472444444444,1.39941111111111,14.1580777777778
15153,2023-02-16 01:18:48,80.28686,21.1970266666667,2.28801333333333,15.7400533333333
15154,2023-02-16 01:30:03,78.066692,20.74658,2.54612,16.096084
15155,2023-02-16 01:47:03,73.5234827586207,19.8679379310345,2.20880344827586,15.4945310344828
15156,2023-02-16 02:05:17,72.3869,19.6312,2.37178,15.93779
15157,2023-02-16 02:12:34,77.8546058823529,20.6172529411765,1.82471764705882,14.1895529411765
15158,2023-02-16 02:24:45,76.7815866666667,20.4635,1.50502,14.0916333333333
15159,2023-02-16 02:36:09,75.1535666666667,20.2391888888889,2.20604444444444,14.9478555555556
15160,2023-02-16 02:43:07,72.5386272727273,19.5800363636364,2.29955454545455,14.3610909090909
15161,2023-02-16 02:51:08,77.5298076923077,20.5805615384615,2.04416153846154,14.5611923076923
15162,2023-02-16 03:00:42,75.0916,19.9496285714286,2.17706714285714,16.483
15163,2023-02-16 03:05:59,80.7872333333333,21.4509,1.999,14.8015666666667
15164,2023-02-16 03:09:16,77.857825,20.690355,2.581215,15.820575
15165,2023-02-16 03:24:49,73.6513,20.0548571428571,2.42657142857143,16.2173285714286
15166,2023-02-16 03:30:18,74.3351,19.97455,2.06615,14.64145
15167,2023-02-16 03:36:30,81.5081625,21.33968125,1.9629875,14.92036875
15168,2023-02-16 03:47:31,78.5870272727273,20.7980636363636,2.02788636363636,14.8629363636364
15169,2023-02-16 04:02:40,77.800675,20.6119,1.958375,15.057025
15170,2023-02-16 04:06:08,80.3085,21.0116875,2.320025,15.293075
15171,2023-02-16 04:12:27,79.1061375,20.808325,2.4420125,15.783575
15172,2023-02-16 06:21:14,80.082,21.4964,1.5375,14.9583
15173,2023-02-16 06:22:57,80.14426,21.1788133333333,1.86388666666667,14.6565333333333
15175,2023-02-16 07:11:45,71.2181,19.4554,1.6744,14.8876
15178,2023-02-16 07:16:51,75.9699733333333,20.4382466666667,1.85884666666667,14.4685333333333
15179,2023-02-16 07:29:06,76.4210421052632,20.4534105263158,1.68971052631579,14.4984736842105
15180,2023-02-16 07:42:14,77.3744125,20.5561375,1.85518125,14.7331125
15181,2023-02-16 07:53:02,74.9983789473684,20.2269157894737,2.15527894736842,16.0583526315789
15182,2023-02-16 08:10:07,71.25536,19.25188,2.25994,13.71902
15183,2023-02-16 08:15:04,73.4365533333333,19.71128,2.38306666666667,15.7320466666667
15184,2023-02-16 08:27:49,77.8276666666667,20.7545037037037,1.76234814814815,14.5582259259259
15185,2023-02-16 08:46:13,77.7546222222222,20.6997333333333,1.87112222222222,14.6851555555556
15186,2023-02-16 08:52:42,77.756475,20.6306,1.986825,15.28075
15187,2023-02-16 08:56:19,80.77105,21.2832428571429,1.265355,13.8178464285714
15188,2023-02-16 09:15:51,81.499,21.540825,1.4155,14.148875
15189,2023-02-16 09:19:27,72.3136047619048,19.6886142857143,2.51167619047619,15.5875952380952
15190,2023-02-16 09:34:49,80.2345333333333,21.0381,2.28269444444444,14.7886611111111
15191,2023-02-16 09:47:16,77.4332125,20.85519375,2.59144375,16.09783125
15192,2023-02-16 10:03:05,86.6486,23.3168,1.6706,15.8749
15193,2023-02-16 10:04:45,76.5022222222222,20.3474111111111,2.06695555555556,14.2602833333333
15194,2023-02-16 10:16:31,76.3927736842105,20.3548368421053,2.39064736842105,15.1150473684211
15195,2023-02-16 10:37:37,81.7636857142857,21.5832,2.33567142857143,15.0657285714286
15196,2023-02-16 10:43:58,77.8550136363636,20.6855545454545,1.70564545454545,14.5898909090909
15197,2023-02-16 10:59:13,79.654325,20.9712,2.062025,15.0659
15198,2023-02-16 11:02:58,75.30605,20.202875,2.337375,14.7798
15199,2023-02-16 11:06:31,76.5773333333333,20.362,2.27473333333333,15.0985666666667
15200,2023-02-16 11:09:43,80.5400125,21.36476875,2.4270125,15.69225625
15202,2023-02-16 11:30:51,71.86572,19.564185,2.571195,16.036255
15795,2023-02-21 17:55:18,83.36342,21.75648,2.093665,16.15433
15796,2023-02-21 18:20:32,83.276075,21.7838333333333,2.010825,15.4951583333333
15797,2023-02-21 18:29:47,79.2079909090909,20.8136909090909,1.6485,13.7263727272727
15798,2023-02-21 19:16:49,79.5029823529412,20.9733647058824,1.55951176470588,13.5008235294118
15799,2023-02-21 19:29:51,81.25172,21.64848,1.72774,14.19224
15800,2023-02-21 19:34:20,77.9784666666667,20.7585333333333,1.9392,14.3249
15801,2023-02-21 19:37:45,84.30525,21.9491928571429,1.69405714285714,14.7685142857143
15802,2023-02-21 19:47:41,78.8784555555556,20.8807333333333,2.30597777777778,14.9839444444444
15803,2023-02-21 19:54:17,84.21313,22.1382,1.80165,14.59709
15804,2023-02-21 20:01:59,81.7960368421053,21.4685052631579,1.58291578947368,13.9363947368421
15805,2023-02-21 20:15:22,86.3329833333333,22.3467666666667,1.48955833333333,14.0086583333333
15806,2023-02-21 20:24:03,80.9048904761905,21.2382714285714,1.79361428571429,13.9237095238095
15807,2023-02-21 20:38:37,86.3221625,22.399925,1.7185875,14.263175
15808,2023-02-21 20:45:10,77.27368,20.5911733333333,2.83264666666667,15.92496
15809,2023-02-21 20:55:26,76.4095333333333,20.3454583333333,2.840025,16.276075
15810,2023-02-21 21:04:15,79.2824,21.00698,1.70996,14.26144
15811,2023-02-21 21:08:23,80.6175692307692,21.1977692307692,1.68136153846154,13.8231923076923
15812,2023-02-21 21:17:32,81.6072928571429,21.4538571428571,2.144925,14.9814607142857
15813,2023-06-24 22:36:00,81.684875,21.437825,2.491675,15.291475
15814,2023-06-24 22:39:38,81.4391578947368,21.5233421052632,2.13499473684211,14.6383105263158
15815,2023-06-24 22:54:25,83.6966,22.10535,2.0735,14.42685
15816,2023-06-24 22:57:52,81.7831571428571,21.4877714285714,2.6301,15.9123214285714
15817,2023-06-24 23:08:11,76.3876666666667,20.427880952381,1.8734,15.1609333333333
15818,2023-06-24 23:22:18,75.72335,20.289025,2.0022,14.687175
15819,2023-06-24 23:27:33,74.3137454545455,20.0037909090909,2.1123,14.9937636363636
15820,2023-06-24 23:35:43,79.5132333333333,21.1870333333333,1.55013333333333,14.2334333333333
15821,2023-06-24 23:40:30,71.350552173913,19.3581956521739,2.21861304347826,15.5778956521739
15822,2023-06-24 23:56:17,71.0254571428571,19.4558333333333,2.32918571428571,15.8117238095238
15823,2023-02-21 23:22:52,80.542744,21.215464,2.028668,15.082332
15824,2023-02-21 23:29:14,80.505925,21.326975,1.770625,14.598475
15825,2023-02-21 23:32:48,77.8939413793103,20.5389965517241,2.17726551724138,14.4633620689655
15826,2023-02-21 23:51:43,73.0528,19.4928714285714,2.37707142857143,14.2030428571429
15827,2023-02-21 23:57:32,78.57286,20.82068,2.76684,16.79694
15828,2023-02-22 00:01:55,85.3333083333333,22.1913166666667,2.39846666666667,15.9916833333333
15829,2023-02-22 00:10:44,71.9819928571429,19.4468642857143,2.16354285714286,15.5512571428571
15830,2023-02-22 00:21:21,88.071871875,22.467503125,2.237896875,15.235225
15831,2023-02-22 00:42:36,87.2583625,22.42955,2.2086,15.494
15832,2023-02-22 00:49:02,81.8190413793103,21.4573965517241,1.69301379310345,14.6153068965517
15833,2023-02-22 01:08:36,79.5830333333333,20.7834666666667,1.86648333333333,14.3359
15834,2023-02-22 01:13:21,85.0759375,22.3059,1.52305,14.3269625
15835,2023-02-22 01:19:41,82.8245384615385,21.6173307692308,1.94117692307692,14.7897461538462
15836,2023-02-22 01:29:19,78.8209,20.8277,1.93355,14.7433
15837,2023-02-22 01:31:58,81.1096,21.39911,1.609947,14.9812
15838,2023-02-22 01:45:12,80.57045,21.221475,1.708075,14.82485
15839,2023-02-22 01:49:02,81.5577363636364,21.5679545454545,2.01569090909091,16.2414636363636
15840,2023-02-22 01:58:02,82.6703090909091,21.6089,2.43447272727273,15.7305818181818
15841,2023-02-22 02:05:55,71.4803866666667,19.3853,1.50648,13.93928
15842,2023-02-22 02:16:55,74.615175,20.0802583333333,1.557925,13.855825
15843,2023-02-22 02:25:23,74.42615,19.92459,1.86236,14.32301
15844,2023-02-22 02:32:57,77.039225,20.4584083333333,1.915925,15.4353833333333
15845,2023-02-22 02:42:29,78.7192785714286,20.8350357142857,1.48425,13.3292214285714
15846,2023-02-22 02:52:30,76.0319785714286,20.0161285714286,2.28596428571429,13.9812357142857
15847,2023-02-22 03:06:26,73.6322730769231,19.68455,1.95908461538462,13.9362
15848,2023-02-22 03:23:45,74.018465,19.805105,1.91633,13.86983
15849,2023-02-22 03:37:27,76.4980142857143,20.5081428571429,2.42751428571429,15.8016714285714
15850,2023-02-22 03:43:30,78.4004,20.8305,1.8487875,15.0670625
15851,2023-02-22 03:49:24,80.3522666666667,21.284725,1.86635833333333,15.3103916666667
15852,2023-02-22 03:58:30,76.0083344827586,20.4852482758621,1.94251379310345,15.4207689655172
15853,2023-02-22 04:18:47,75.82878,20.356168,1.874848,14.707204
15854,2023-02-22 04:35:19,78.838152,20.888052,1.89126,14.847348
15855,2023-02-22 04:52:46,77.6842727272727,20.7896545454545,1.97654545454545,15.0955454545455
15856,2023-02-22 05:00:36,70.7779375,19.36399375,1.4175125,13.53755625
15857,2023-02-22 05:11:32,80.5623529411765,21.2676705882353,1.72309411764706,14.4535411764706
15858,2023-02-22 05:24:33,86.5187516129032,22.5119548387097,1.05264064516129,13.6316677419355
15859,2023-02-22 05:44:52,86.49515,22.563975,1.0743925,13.60705
15860,2023-02-22 06:06:30,84.5830793103448,22.0720896551724,1.94602068965517,14.9314034482759
15861,2023-02-22 06:26:30,80.4587538461538,21.1445076923077,2.16061538461538,15.3316230769231
15862,2023-02-22 06:36:05,81.72715,21.50795,1.66715,14.22055
15863,2023-02-22 06:39:37,83.6112857142857,21.9172642857143,1.39678571428571,14.0869142857143
15864,2023-02-22 06:50:07,75.2797,20.0909,1.9587,15.58145
15866,2023-02-22 06:54:07,82.62665,21.7777166666667,1.84848333333333,15.2722
15867,2023-02-22 06:58:55,83.9068916666667,21.83765,1.94681666666667,14.9786
15868,2023-02-22 07:07:58,82.5581034482759,21.7144103448276,1.78555862068966,14.6274103448276
15869,2023-02-22 07:27:00,81.1491692307692,21.4603384615385,1.57745384615385,14.4758230769231
15870,2023-02-22 07:36:29,82.3430666666667,21.6697,2.29636666666667,15.8212
15871,2023-02-22 07:40:19,85.2429857142857,22.1328428571429,2.10691428571429,15.4810571428571
15872,2023-02-22 07:50:05,88.3875466666667,22.8837666666667,1.56888666666667,15.2928866666667
15873,2023-02-22 08:00:24,85.0859636363636,22.0705909090909,1.90431818181818,14.7625727272727
15874,2023-02-22 08:09:12,83.125,21.6765,1.87365,14.528175
15875,2023-02-22 08:12:49,86.963725,22.73815,1.681525,15.519225
15876,2023-02-22 08:16:23,84.1684333333333,22.0971333333333,1.8746,15.0956666666667
15877,2023-02-22 08:19:58,79.6584888888889,21.0283666666667,2.01187777777778,14.8357833333333
15878,2023-02-22 08:32:34,74.0258363636364,19.8416727272727,2.65854545454545,15.7831454545455
15879,2023-02-22 08:40:59,72.8957,19.8614,1.2021,14.3273
15881,2023-02-22 08:44:54,75.6657695652174,20.2746913043478,1.74006086956522,14.3988565217391
15882,2023-02-22 09:00:41,73.5091875,19.8579875,2.395775,16.0648125
15883,2023-02-22 09:08:26,80.8249222222222,21.374,2.00198888888889,15.2353333333333
15884,2023-02-22 09:15:15,82.0010392857143,21.3804142857143,1.87168571428571,14.9059678571429
15885,2023-02-22 09:33:34,80.004475,21.0206875,2.05531875,14.973975
15886,2023-02-22 09:45:30,74.950908,20.090444,2.037664,14.450204
15887,2023-02-22 10:02:30,75.1583571428571,20.0612428571429,2.03152857142857,14.5172285714286
15888,2023-02-22 10:07:52,76.4395375,20.4224125,2.454825,15.059225
15889,2023-02-22 10:14:04,76.9360636363636,20.4838636363636,2.21647272727273,14.6306181818182
15890,2023-02-22 10:21:57,82.1156166666667,21.5452833333333,2.90381666666667,15.5834833333333
15891,2023-02-22 10:27:37,78.5084,20.91965,1.9282,14.3381
15892,2023-02-22 10:30:15,75.3625346153846,20.1814153846154,2.15916153846154,14.7832269230769
15893,2023-02-22 10:47:56,80.749325,21.3613,2.2000375,15.6414625
15894,2023-02-22 10:54:17,81.46795,21.4578714285714,2.11862142857143,14.5816
15895,2023-02-22 11:05:18,80.0739615384615,21.2237692307692,2.23321538461538,14.9259615384615
15896,2023-02-22 11:16:18,84.7769071428571,22.2012714285714,1.84121428571429,14.8418107142857
15897,2023-02-22 11:34:37,85.247,22.17015,1.65255,14.410225
15898,2023-02-22 11:38:30,75.8885944444444,20.3354166666667,1.82919444444444,13.9319388888889
15899,2023-02-22 11:54:36,80.3733666666667,21.19638,1.82187333333333,14.1992066666667
15900,2023-02-22 12:03:31,85.413175,22.3876,2.204375,15.2867
15901,2023-02-22 12:07:24,84.3650526315789,21.9034157894737,1.87772631578947,14.5783263157895
15902,2023-02-22 12:21:41,83.58455,21.46005,2.002075,14.501825
15903,2023-02-22 12:25:44,77.94805,20.6047666666667,2.22227083333333,14.586875
15904,2023-02-22 12:49:02,74.6433666666667,20.0887,1.99836666666667,14.735
15905,2023-02-22 12:58:03,79.50538,20.97232,1.99677,14.77615
15906,2023-02-22 13:05:19,74.53369,20.092255,2.106874,14.534605
15907,2023-02-22 13:29:28,86.0062409090909,22.3713863636364,1.60430909090909,14.4268954545455
15908,2023-02-22 13:45:43,84.6759,22.0674,1.2558,14.7579
15909,2023-02-22 13:47:45,83.2266,21.7392,1.7189,14.5744
15910,2023-02-22 13:49:52,77.73225,20.64585,2.30205,15.287525
15911,2023-02-22 13:53:36,72.8328666666667,19.51725,1.97588333333333,14.111
15912,2023-02-22 13:58:23,71.4647777777778,19.2819111111111,2.02746666666667,13.9447
15913,2023-02-22 14:11:06,79.072216,20.924248,1.7764,14.037348
15914,2023-02-22 14:28:50,78.9733285714286,20.6952857142857,1.58544285714286,14.1119428571429
15915,2023-02-22 14:35:12,77.1948210526316,20.4703684210526,1.69475789473684,14.1006315789474
15916,2023-02-22 14:48:34,81.4033115384615,21.3498615384615,2.16768461538462,15.7113115384615
15917,2023-02-22 15:06:13,81.9535482758621,21.5410137931034,1.90624137931034,14.9921
15918,2023-02-22 15:25:14,80.52205,21.220725,2.29755,15.279425
15919,2023-02-22 15:28:46,79.6205777777778,21.0937222222222,2.39969222222222,15.6941666666667
15920,2023-02-22 15:38:12,70.8278727272727,19.2680727272727,2.07467272727273,14.2967727272727
15921,2023-02-22 15:55:42,77.3186733333333,20.3757133333333,2.23619333333333,14.7487466666667
15922,2023-02-22 16:06:06,76.492628,20.226064,2.307192,14.720372
15923,2023-02-22 16:22:40,76.6169,20.54095,2.039575,14.5703
15924,2023-02-22 16:26:40,82.1840857142857,21.5176857142857,2.05421428571429,15.3344857142857
15925,2023-02-22 16:33:09,76.3210148148148,20.4512222222222,1.69068666666667,14.3837222222222
15926,2023-02-22 16:53:33,77.2179130434783,20.5112086956522,2.03489130434783,14.3472086956522
15927,2023-02-22 17:09:31,76.2739538461538,20.3986692307692,2.04805384615385,14.5243538461538
15928,2023-02-22 17:18:50,80.2071,21.15382,2.11709,15.38447
15929,2023-02-22 17:32:45,84.45704,21.98917,2.14829,16.06336
15930,2023-02-22 17:39:59,86.5072277777778,22.3338833333333,1.64519444444444,14.6194944444444
15931,2023-02-22 17:52:13,78.57525,20.8739666666667,2.22928333333333,15.0007833333333
15932,2023-02-22 17:57:06,85.3709535714286,22.0993464285714,1.96649642857143,14.9674035714286
15933,2023-02-22 18:17:11,72.5794,19.6431142857143,2.43165714285714,15.5968714285714
15934,2023-02-22 18:22:51,69.5545565217391,19.0623608695652,2.33747391304348,15.7139608695652
15935,2023-02-22 18:38:14,72.2866,19.6541,2.2506,15.79305
15936,2023-02-22 18:41:45,73.0838705882353,19.7485647058824,2.17793529411765,15.0564235294118
15937,2023-02-22 18:53:28,80.0650137931034,21.1222896551724,1.76735517241379,14.3086310344828
15938,2023-02-22 19:13:01,81.4986285714286,21.4164285714286,1.73612857142857,14.2925714285714
15939,2023-02-22 19:19:59,77.9268,20.6121538461538,1.73079615384615,13.9055615384615
15940,2023-02-22 19:38:51,81.5083214285714,21.3784071428571,1.68795714285714,13.9982571428571
15941,2023-02-22 19:57:40,81.270925,21.47245,1.6853,14.164825
15942,2023-02-22 20:01:34,80.334015,21.281505,2.072515,14.789645
15943,2023-02-22 20:16:40,82.1302333333333,21.3839925925926,2.2796962962963,14.722637037037
15944,2023-02-22 20:34:52,82.0758363636364,21.4771090909091,2.28498181818182,14.8313
15945,2023-02-22 20:42:55,82.985688,21.806112,1.74776,14.486996
15946,2023-02-22 21:00:46,77.955275,20.715375,1.9802,14.8155
15947,2023-02-22 21:04:18,82.2872,21.6583,1.66835,14.8238
15948,2023-02-22 21:07:49,76.6687826086957,20.4504217391304,2.04317826086957,14.9349260869565
15949,2023-02-22 21:23:11,73.6135666666667,19.8937,2.05813333333333,15.5089666666667
15950,2023-02-22 21:26:11,75.2273347826087,20.1047913043478,1.71251913043478,13.9912434782609
15951,2023-02-23 21:42:55,74.33035,20.1477666666667,2.44538333333333,15.7532833333333
15952,2023-02-23 21:53:50,77.3908166666667,20.70985,1.62691666666667,13.8659666666667
15953,2023-02-23 22:03:30,77.00682,20.38052,2.1463,15.2093
15954,2023-02-23 22:07:59,77.81708,20.62352,2.337608,15.482232
15955,2023-02-23 22:25:35,74.9037777777778,20.0981,2.39013333333333,15.2754333333333
15956,2023-02-23 22:32:17,71.4539636363636,19.492,1.69622727272727,13.6250363636364
15957,2023-02-23 22:40:24,77.24265,20.5311375,1.5737875,13.9852125
15958,2023-02-23 22:46:37,79.1440090909091,21.1800454545455,1.65567272727273,14.2710727272727
15959,2023-02-23 22:55:10,78.2042964285714,20.7010785714286,1.63272142857143,14.1915178571429
15960,2023-02-23 23:13:52,78.1905636363636,20.7383818181818,1.6934,14.4582909090909
15961,2023-02-23 23:21:46,79.6145222222222,21.1217444444444,1.65123333333333,14.5042333333333
15962,2023-02-23 23:28:28,85.3083344827586,22.1302620689655,1.95874827586207,14.7378965517241
15963,2023-02-23 23:48:21,82.5444346153846,21.6802076923077,1.85478076923077,15.4154346153846
15964,2023-02-24 00:06:04,85.449375,22.5723,1.937875,15.033975
15965,2023-02-24 00:11:43,79.736675,20.9931041666667,1.88207916666667,14.7181791666667
15966,2023-02-24 00:28:19,81.010425,21.199575,2.03615,14.921175
15967,2023-02-24 00:31:49,77.679975,20.714725,2.3771,15.158825
15968,2023-02-24 00:35:20,80.51114,21.037915,1.94803,14.934075
15969,2023-02-24 00:48:52,84.97028,22.23118,1.4548575,15.080025
15970,2023-02-24 01:02:24,86.0184058823529,22.3709352941176,1.30324411764706,14.9519588235294
15971,2023-02-23 01:16:42,83.8641285714286,21.8633714285714,1.69648571428571,14.5859
15972,2023-02-23 01:20:21,84.3938333333333,22.0621777777778,1.52421111111111,14.2681777777778
15973,2023-02-23 01:27:01,81.92095,21.5158666666667,1.43053333333333,14.32305
15974,2023-02-23 01:31:54,81.45146,21.45338,1.48168,14.52138
15975,2023-02-23 01:36:02,82.78555,21.7241166666667,1.5901,14.76095
15976,2023-02-23 01:40:50,82.456188,21.702652,1.359574,14.214292
15977,2023-02-23 01:58:05,84.02538,21.9847733333333,1.64084,15.6520933333333
15978,2023-02-23 02:09:23,79.5081,21.0007714285714,1.86750714285714,14.4567142857143
15979,2023-02-23 02:20:27,75.3458130434783,20.0556130434783,1.9893,14.4398826086957
15980,2023-02-23 02:36:28,79.0549304347826,20.9355086956522,2.00359130434783,14.8030608695652
15981,2023-02-23 02:53:11,78.51705,20.734325,2.354625,14.980725
15982,2023-02-23 02:57:53,86.9125333333333,22.5895166666667,1.81456666666667,14.8025583333333
15983,2023-02-23 03:06:42,74.443275,19.94115,1.810975,14.26855
15984,2023-02-23 03:10:22,82.3795346153846,21.5545846153846,1.76540769230769,14.6516
15985,2023-02-23 03:28:41,83.60584,21.9234866666667,1.96922,14.8293333333333
15986,2023-02-23 03:39:21,71.09882,19.41148,2.03438,14.85822
15987,2023-02-23 03:43:31,82.01284,21.62124,1.54464,14.31148
15988,2023-02-23 03:49:06,83.224975,21.5613,1.402175,13.83725
15989,2023-02-23 03:52:44,74.206865,19.98967,1.990315,14.84497
15990,2023-02-23 04:07:54,76.1494888888889,20.3682888888889,1.44994444444444,13.5617444444444
15991,2023-02-23 04:14:33,76.1385,20.330165,1.48896,13.45075
15992,2023-02-23 04:31:10,78.2894941176471,21.0075,1.63865882352941,15.4042176470588
15993,2023-02-23 04:44:52,84.2343625,21.9564125,1.43045,14.2646
15994,2023-02-23 04:51:16,85.6738333333333,22.1084666666667,1.8586,14.26595
15995,2023-02-23 04:56:06,86.7548,22.3963428571429,2.01091428571429,14.1766285714286
15996,2023-02-23 05:01:50,82.3498,21.5320272727273,1.86751818181818,14.1621181818182
15997,2023-02-23 05:11:03,80.2339,21.1342666666667,1.41645,13.5374833333333
15998,2023-02-23 05:16:23,77.5729565217391,20.6382608695652,1.7362347826087,14.2035347826087
15999,2023-02-23 05:31:46,74.2287,19.8729217391304,1.95847391304348,14.5307608695652
16000,2023-02-23 05:47:42,71.5128461538462,19.4415692307692,1.98658461538462,14.4923538461538
16001,2023-02-23 05:57:41,75.2229,20.177875,2.33095,15.06005
16002,2023-02-23 06:01:32,77.8788033333333,20.7351933333333,1.71347,14.3157833333333
16003,2023-02-23 06:22:17,72.7983260869565,19.5840739130435,2.1677347826087,15.1693608695652
16004,2023-02-23 06:37:58,73.6782913043478,19.8714086956522,2.11791304347826,15.4618043478261
16005,2023-02-23 06:54:24,72.37935,19.686425,2.095225,14.988375
16006,2023-02-23 06:58:12,76.482,20.4228153846154,1.70943076923077,14.1828115384615
16007,2023-02-23 07:16:15,76.525036,20.343124,2.390856,15.005676
16008,2023-02-23 07:33:13,76.4914416666667,20.4514666666667,2.33543333333333,14.9413666666667
16009,2023-02-23 07:41:45,81.1449444444444,21.4042481481481,1.74547037037037,14.250837037037
16010,2023-02-23 08:00:10,78.3279,20.8217166666667,1.99979166666667,14.54585
16011,2023-02-23 08:09:31,79.2960384615385,21.0696461538462,2.30569230769231,14.6178538461538
16012,2023-02-23 08:18:35,75.4866466666667,20.0988066666667,1.67887333333333,14.0648466666667
16013,2023-02-23 08:32:19,82.2419,21.636025,2.060475,15.1600875
16014,2023-02-23 08:39:03,81.1494789473684,21.3271210526316,2.26394736842105,15.4042736842105
16015,2023-02-23 08:51:59,84.9242566666667,22.16074,1.368953,14.2583833333333
16016,2023-02-23 09:13:31,85.2249375,22.4225125,1.506523125,14.1811875
16017,2023-02-23 09:24:49,76.4218703703704,20.4301407407407,1.8786962962963,14.4647666666667
16018,2023-02-23 09:42:45,79.4967285714286,21.0123,2.17941428571429,14.6358142857143
16019,2023-02-23 09:48:08,77.6277181818182,20.5142272727273,1.93687272727273,14.1606363636364
16020,2023-02-23 09:57:41,79.6824333333333,21.4832,2.36425111111111,16.1193888888889
16021,2023-02-23 10:14:46,79.9221523809524,21.058219047619,2.03697142857143,14.4491428571429
16022,2023-02-23 10:29:22,74.9712,19.8873,2.37376666666667,14.5279333333333
16023,2023-02-23 10:32:17,79.2992785714286,20.9112714285714,1.87057142857143,14.8052035714286
16024,2023-02-23 10:50:48,82.594175,21.6612,1.788925,14.5548
16025,2023-02-23 10:54:57,83.8627857142857,21.839580952381,1.50711142857143,14.4290952380952
16026,2023-02-23 11:09:27,80.0909038461539,21.0814923076923,1.67026923076923,13.8775807692308
16027,2023-02-23 11:29:46,78.9605727272727,20.9414727272727,1.61846363636364,13.9926545454545
16028,2023-02-23 11:37:37,75.5871363636364,20.2663909090909,1.89625909090909,14.4157636363636
16029,2023-02-23 11:52:39,83.9371142857143,22.0873857142857,2.22617142857143,15.2323142857143
16030,2023-02-23 12:03:20,80.9336310344828,21.1143310344828,2.37994137931034,14.9734517241379
16031,2023-02-23 12:22:29,81.3353761904762,21.1083285714286,2.35018095238095,14.7766761904762
16032,2023-02-23 12:36:46,81.5943235294118,21.4711294117647,1.83828823529412,15.1684176470588
16033,2023-02-23 12:48:32,78.2746571428571,20.7130428571429,2.62561428571429,15.7757285714286
16034,2023-02-23 12:54:09,75.6505833333333,20.2867166666667,2.25017916666667,15.3584291666667
16035,2023-02-23 13:10:31,74.403075,19.90835,2.588275,15.849775
16036,2023-02-23 13:14:24,77.3158,20.5521,2.0576,15.209175
16037,2023-02-23 13:20:24,77.0390166666667,20.71675,1.82555555555556,14.5749555555556
16038,2023-02-23 13:37:56,84.1656947368421,22.0257842105263,1.80242631578947,14.9852789473684
16039,2023-02-23 13:50:55,83.946,21.8309,1.63691666666667,14.4747166666667
16040,2023-02-23 13:57:17,80.1752884615385,21.2471269230769,1.97037307692308,14.3348653846154
16041,2023-02-23 14:17:07,73.63598125,19.8599875,2.77658125,15.54438125
16042,2023-02-23 14:30:04,76.38793,20.38856,2.3649,15.3295
16043,2023-02-23 14:51:22,75.40006,20.2803,2.52042,15.41882
16044,2023-02-23 14:55:57,79.31685,20.951225,1.76232083333333,14.079625
16045,2023-02-23 15:13:33,80.2159,21.12975,2.0024,14.7978
16046,2023-02-23 15:16:08,77.0598625,20.63535,2.3431875,15.15015
16047,2023-02-23 15:29:40,86.4144454545455,22.3575272727273,1.91478181818182,14.9029818181818
16048,2023-02-23 15:38:09,88.5513846153846,22.8879692307692,1.93835384615385,14.9707538461538
16049,2023-02-23 15:47:26,87.2784333333333,22.7109333333333,1.55659666666667,14.7878166666667
16050,2023-02-23 15:52:51,81.4433833333333,21.4658166666667,1.60438333333333,14.4102333333333
16051,2023-02-23 15:58:55,86.4096566666667,22.44861,1.52531766666667,14.7663366666667
16052,2023-02-23 16:19:49,84.9001,22.14595,1.4803,14.110225
16053,2023-02-23 16:24:40,79.8297689655172,21.0891862068966,2.38329655172414,14.8932586206897
16054,2023-02-23 16:43:48,79.9148625,21.1656791666667,2.3631625,14.8295916666667
16055,2023-02-23 16:59:43,80.49262,21.39188,2.38044,15.5927
16056,2023-02-23 17:03:52,85.807375,22.3265,1.9933,14.96375
16057,2023-02-23 17:07:32,84.3557,21.9348,2.198425,14.985575
16058,2023-02-23 17:12:03,83.2350178571429,21.70785,1.90811071428571,14.4809214285714
16059,2023-02-23 17:30:33,83.2276263157895,21.7164315789474,1.68951052631579,14.4160684210526
16060,2023-02-23 17:43:31,86.1370777777778,22.4181444444444,1.50113333333333,14.6245055555556
16061,2023-02-23 17:57:56,81.985125,21.822025,2.0331,16.12525
16062,2023-02-23 18:02:45,83.8092333333333,22.0031333333333,1.78635,14.8608
16063,2023-02-23 18:07:30,84.3175178571429,22.0424928571429,1.409875,14.1561392857143
16064,2023-02-23 18:26:24,82.9267,21.7278333333333,1.5476,14.2750666666667
16066,2023-02-23 18:30:32,81.6909666666667,21.6251,1.55235,14.9666
16067,2023-02-23 18:33:23,83.3767833333333,21.7889708333333,1.82435833333333,15.0646625
16068,2023-02-23 18:49:52,81.67205,21.43745,1.777225,15.08535
16069,2023-02-23 18:53:28,81.1660111111111,21.3925333333333,2.07252222222222,14.7633111111111
16070,2023-02-23 19:00:29,82.4998571428571,21.6768142857143,1.70045714285714,15.2328857142857
16071,2023-02-23 19:05:56,82.9691333333333,21.74285,2.05658888888889,14.7033388888889
16072,2023-02-23 19:18:38,75.6531,20.6573666666667,3.05863333333333,16.4215
16073,2023-02-23 19:22:24,80.2139235294118,21.1607941176471,1.66721176470588,14.4842588235294
16074,2023-02-23 19:36:26,81.5935,21.397425,1.6963125,14.3948875
16075,2023-02-23 19:43:26,72.40105,19.6309227272727,2.13627272727273,15.3796727272727
16076,2023-02-23 19:58:07,69.1245333333333,19.4337666666667,1.9252,15.1219333333333
16077,2023-02-23 20:01:19,80.8586,21.5763,1.43435,13.98415
16078,2023-02-23 20:04:01,79.4111,20.8993333333333,2.24383333333333,14.6326666666667
16079,2023-02-23 20:07:19,77.82026,20.90796,1.90252,14.3181
16080,2023-02-23 20:11:36,77.2194444444444,20.6283777777778,2.06807777777778,14.3816
16081,2023-02-23 20:18:36,76.14011875,20.28588125,2.55373125,15.18435
16082,2023-02-23 20:30:09,79.37550625,21.08699375,1.76029375,14.28919375
16083,2023-02-23 20:41:11,81.3051428571429,21.3753714285714,1.8603,14.2249142857143
16084,2023-02-23 20:47:06,78.481056,20.939652,1.65036,14.02362
16085,2023-02-23 21:04:11,71.8551818181818,19.3916454545455,1.56153181818182,13.5826818181818
16086,2023-02-23 21:16:17,86.9848666666667,22.6037866666667,1.84239333333333,14.35158
16087,2023-02-23 21:27:02,86.20456,22.42634,1.52332,14.79106
16088,2023-02-23 21:31:09,75.7503423076923,20.1856538461538,1.83395,14.2627076923077
16089,2023-02-24 21:49:04,77.3142571428571,20.6031571428571,1.8817,14.1866428571429
16090,2023-02-24 21:55:37,82.5356625,21.819125,1.9532375,15.61978125
16091,2023-02-24 22:06:41,83.0460944444444,21.7129333333333,2.03935,16.0393555555556
16092,2023-02-24 22:19:44,86.836275,22.35855,1.812025,14.7752
16093,2023-02-24 22:23:25,82.5472428571429,21.6155285714286,1.94667142857143,14.9147285714286
16094,2023-02-24 22:29:03,81.5933178571428,21.56835,1.60924535714286,14.6260714285714
16095,2023-02-24 22:50:07,78.0712571428571,20.6969142857143,1.65182285714286,14.7131428571429
16096,2023-02-24 22:56:56,73.9458851851852,19.9989296296296,1.98712222222222,15.2393111111111
16097,2023-02-24 23:15:20,72.4026,19.5346666666667,2.07789583333333,15.0145041666667
16098,2023-02-24 23:32:11,75.9092666666667,20.3317666666667,2.11136666666667,15.3379333333333
16099,2023-02-24 23:35:25,71.6517818181818,19.4449909090909,1.65629090909091,14.2333090909091
16100,2023-02-24 23:51:46,75.7412,20.578075,2.24115,14.736025
16101,2023-02-24 23:56:25,79.34506,21.29684,1.927564,15.47328
16102,2023-02-25 00:00:29,80.69465,20.9755166666667,2.33328333333333,15.5130833333333
16103,2023-02-24 00:10:27,88.3447875,22.6921958333333,1.92443333333333,14.86075
16104,2023-02-24 00:22:09,78.67885,20.860175,2.392675,14.3879
16105,2023-02-24 00:25:51,77.4190689655172,20.5898724137931,2.00971724137931,14.4785482758621
16106,2023-02-24 00:45:00,75.874075,20.388525,2.12555,14.46615
16107,2023-02-24 00:48:58,78.9237,20.8861666666667,2.01176666666667,14.5555333333333
16108,2023-02-24 00:52:40,78.4997041666667,20.7448166666667,2.38702916666667,14.8172458333333
16109,2023-02-24 01:09:08,79.3783,20.80755,2.0872,14.28184
16110,2023-02-24 01:16:27,82.575232,21.59264,2.002584,14.648272
16111,2023-02-24 01:33:55,81.032025,21.265125,2.038675,14.70115
16112,2023-02-24 01:37:29,78.5978107142857,20.7207321428571,2.50839642857143,15.2960607142857
16113,2023-02-24 01:56:58,85.5571833333333,22.7561916666667,2.86055166666667,16.7771583333333
16114,2023-02-24 02:13:07,86.9184,22.8799,2.4866,14.6151
16115,2023-02-24 02:21:24,91.5537,23.374,2.4568,15.1026
16116,2023-02-24 02:23:05,78.62706,20.7011,1.88358,14.33162
16117,2023-02-24 02:28:34,69.0063913043478,18.8704695652174,1.81583913043478,14.1987260869565
16118,2023-02-24 02:44:34,73.1735,19.7123,1.93145,14.7225
16119,2023-02-24 02:48:13,83.3056888888889,21.8169888888889,1.70387777777778,14.3044666666667
16120,2023-02-24 02:54:56,85.4146733333333,22.30208,1.47100666666667,15.4680133333333
16122,2023-02-24 03:08:01,80.6908107142857,21.3479607142857,1.76871785714286,14.8226178571429
16123,2023-02-24 03:27:30,79.813275,21.0723,1.779975,14.44255
16124,2023-02-24 03:31:25,79.4459666666667,20.9167266666667,1.80232666666667,14.4556866666667
16125,2023-02-24 03:42:00,89.75475,23.14706,1.86059,14.67001
16126,2023-02-24 03:49:32,77.20708,20.4832,2.3198,15.06806
16127,2023-02-24 03:54:05,78.0533777777778,20.6937,2.33004444444444,14.8236222222222
16128,2023-02-24 04:01:16,83.9958166666667,21.7877333333333,1.812225,14.2320083333333
16129,2023-02-24 04:17:28,70.4309176470588,19.1593117647059,1.69257058823529,13.6133764705882
16130,2023-02-24 04:29:43,71.8585869565217,19.4761652173913,1.54373043478261,13.6938086956522
16131,2023-02-24 05:41:03,67.60995,18.93545,1.81785,13.85645
16132,2023-02-24 05:43:25,71.090344,19.390392,1.886132,14.41478
16133,2023-02-24 06:00:32,73.8749666666667,19.8092833333333,2.07816666666667,14.6012833333333
16134,2023-02-24 06:05:26,73.6771692307692,19.7596,1.96732307692308,14.2964230769231
16135,2023-02-24 06:14:29,75.4035444444444,20.2974222222222,2.04298888888889,14.8006222222222
16136,2023-02-24 06:21:46,81.9600916666667,21.597325,2.40762083333333,16.0703125
16137,2023-02-24 06:38:31,78.52477,20.78819,2.57418,15.59362
16138,2023-02-24 06:46:10,71.6872363636364,19.4637227272727,2.19219545454545,15.3157363636364
16139,2023-02-24 07:03:21,71.1267571428571,19.2889,2.1799,15.001
16140,2023-02-24 07:08:48,81.0494368421053,21.3355368421053,1.99951052631579,14.7348578947368
16141,2023-02-24 07:21:45,79.2588476190476,21.0667238095238,1.85561904761905,14.7074904761905
16142,2023-02-24 07:38:31,79.844575,21.176775,1.87925,15.5522
16143,2023-02-24 07:42:05,77.4929689655172,20.6553482758621,2.48048965517241,14.6343206896552
16144,2023-02-24 08:01:14,78.7842,20.94448,2.31615333333333,14.3401133333333
16145,2023-02-24 08:12:26,82.00688,21.4945333333333,1.85615333333333,14.7893333333333
16146,2023-02-24 08:23:03,78.444116,20.60814,1.961896,13.643484
16147,2023-02-24 08:41:02,75.0564347826087,20.1635565217391,1.8497347826087,13.6946173913043
16148,2023-02-24 08:56:44,75.0492583333333,20.0246916666667,2.75198333333333,16.4167583333333
16149,2023-02-24 09:07:22,73.7066444444444,19.7612,2.63676666666667,15.1295333333333
16150,2023-02-24 09:14:15,77.9334095238095,20.4204666666667,1.97634761904762,13.4676666666667
16151,2023-02-24 09:28:40,75.5499,20.3113,2.3365,15.1991
16152,2023-02-24 09:30:21,70.304125,19.077,2.203525,15.265375
16153,2023-02-24 09:34:04,72.5312565217391,19.6123217391304,2.34619565217391,15.2936826086957
16154,2023-02-24 09:49:58,76.3241,20.3726,1.61083333333333,12.9525666666667
16155,2023-02-24 09:52:59,73.4888235294118,20.0154647058824,2.32244117647059,16.1234647058824
16156,2023-02-24 10:08:57,75.8599,20.33525,1.955425,14.728775
16157,2023-02-24 10:12:52,73.5981,19.879,2.1849,14.7831
16158,2023-02-24 10:16:04,76.10264,20.26425,2.384455,15.24084
16159,2023-02-24 10:30:14,84.966025,22.49515,2.022975,15.6351
16160,2023-02-24 10:33:47,80.809696,21.18938,1.854576,14.433128
16161,2023-02-24 10:52:06,80.1142,21.174,2.091125,14.5405
16162,2023-02-24 11:06:48,78.8819857142857,20.9213428571429,1.72761428571429,14.9908142857143
16163,2023-02-24 11:13:35,78.8073416666667,20.9025416666667,1.98583333333333,14.6719416666667
16164,2023-02-24 11:23:55,75.5341266666667,20.2675866666667,2.14144,14.9363533333333
16165,2023-02-24 11:34:52,83.1178833333333,21.6343666666667,1.5304,14.1088666666667
16166,2023-02-24 11:40:02,74.3665666666667,19.9592333333333,2.04066666666667,14.7030476190476
16167,2023-02-24 11:58:02,74.1334,19.9264,1.94915,14.50595
16168,2023-02-24 12:01:38,75.2964888888889,20.2144666666667,2.03481111111111,14.2552444444444
16169,2023-02-24 12:14:45,73.2444928571429,19.9557571428571,2.54877142857143,15.6063357142857
16170,2023-02-24 12:27:02,73.5185142857143,19.7132642857143,2.66531428571429,14.3450785714286
16171,2023-02-24 12:42:56,74.97052,19.93112,3.07272,15.55624
16172,2023-02-24 12:49:33,77.9455,20.5525071428571,2.08615,14.8806071428571
16173,2023-02-24 13:00:18,77.29785,20.43645,2.181725,14.832
16174,2023-02-24 13:04:08,85.5946,22.3289142857143,1.70368571428571,15.0599857142857
16175,2023-02-24 13:09:35,80.4729071428571,21.1804785714286,1.74411428571429,14.7244714285714
16176,2023-02-24 13:19:17,79.9277636363636,21.0610272727273,1.85349090909091,14.5309454545455
16177,2023-02-24 13:27:37,81.81572,21.5795466666667,1.63983333333333,14.5985866666667
16178,2023-02-24 13:38:13,79.3474041666667,20.9270708333333,2.12218333333333,15.0470875
16179,2023-02-24 13:54:43,78.77220625,20.84084375,2.15214375,15.0314375
16180,2023-02-24 14:11:51,83.8281733333333,21.8073866666667,1.56002666666667,14.35376
16181,2023-02-24 14:22:55,81.3119857142857,21.4002857142857,1.71411428571429,14.6310857142857
16182,2023-02-24 14:28:52,72.774575,20.0294875,2.6446625,14.4903875
16183,2023-02-24 14:36:48,75.0464333333333,20.1086111111111,1.88191111111111,14.2987111111111
16184,2023-02-24 14:43:28,80.6543666666667,21.3332166666667,2.1144,14.6922166666667
16185,2023-02-24 14:48:29,77.3938823529412,20.5053588235294,2.45768235294118,15.0374941176471
16186,2023-02-24 15:00:15,75.7211916666667,20.216025,2.92296666666667,14.8419416666667
16188,2023-02-24 15:18:36,74.3034035714286,19.8215071428571,2.58395357142857,15.2964607142857
16189,2023-02-24 15:37:27,76.00166,20.2051,2.34804,15.25566
16190,2023-02-24 15:41:44,81.8356636363636,21.5586454545455,2.32005454545455,15.5337136363636
16191,2023-02-24 15:56:31,79.4975,21.0178333333333,2.14766666666667,15.1291166666667
16192,2023-02-24 16:01:36,83.2501461538462,21.8049230769231,1.60158461538462,14.4204384615385
16193,2023-02-24 16:19:57,83.935,21.8723733333333,1.8421,14.6092866666667
16194,2023-02-24 16:30:26,78.9668363636364,20.8828272727273,1.96805454545455,14.9517090909091
16195,2023-02-24 16:38:17,71.5010857142857,19.3707428571429,1.80955714285714,13.9648285714286
16196,2023-02-24 16:44:13,79.832075,21.2802,1.852725,15.134825
16197,2023-02-24 16:47:55,73.6653,19.9983789473684,2.17901052631579,14.6358631578947
16199,2023-02-24 17:15:39,82.8345428571428,21.5747285714286,2.06907142857143,15.0325571428571
16200,2023-02-24 17:27:13,86.2301333333333,22.5764333333333,2.3207,15.4692666666667
16201,2023-02-24 17:30:09,70.9174333333333,19.3918,1.66883333333333,14.1804
16202,2023-02-24 17:33:35,73.2356,19.8485666666667,1.983,15.253
16203,2023-02-24 17:36:53,81.2648307692308,21.3288692307692,1.70838461538462,14.4431692307692
16204,2023-02-24 17:46:29,73.4586,19.7818928571429,2.63484285714286,15.6077214285714
16205,2023-02-24 17:56:47,78.1508428571429,20.7280142857143,2.36365714285714,15.5813142857143
16206,2023-02-24 18:02:14,68.6754,19.251,3.11414285714286,16.0313714285714
16207,2023-02-24 18:11:12,85.2216909090909,22.2876,1.94582727272727,15.1615818181818
16208,2023-02-24 18:19:36,83.3321684210526,21.6788578947368,1.51112105263158,14.1291157894737
16209,2023-02-24 18:33:28,86.7971625,22.48865625,1.6175625,14.78800625
16210,2023-02-24 18:44:38,86.43115,22.48875,1.5459,14.7271666666667
16211,2023-02-24 19:05:56,90.3120214285714,23.1039142857143,1.53554285714286,14.5083928571429
16212,2023-02-24 19:15:51,75.8272310344828,20.2987517241379,1.74329310344828,13.9528206896552
16213,2023-02-24 19:35:27,76.9023142857143,20.5230428571429,1.85421428571429,14.0445
16214,2023-02-24 19:40:53,84.824965,22.163435,1.926645,15.260775
16215,2023-02-24 19:55:36,82.6134882352941,22.0910941176471,2.1263,15.0711117647059
16216,2023-02-24 20:09:18,82.4920172413793,21.4587965517241,1.80843103448276,14.5117620689655
16217,2023-02-24 20:29:09,83.7803636363636,21.8252363636364,1.86052727272727,14.5434181818182
16218,2023-02-24 20:37:21,78.2125714285714,20.7372857142857,1.78352857142857,14.5561142857143
16219,2023-02-24 20:43:17,75.5953714285714,20.1924,1.91458571428571,14.6782857142857
16220,2023-02-24 20:48:40,78.5748928571429,20.8164785714286,1.86358571428571,14.4399214285714
16221,2023-02-24 20:59:51,79.4595304347826,20.9521869565217,1.87214565217391,14.6247260869565
16222,2023-02-24 21:15:52,79.3928857142857,21.0561857142857,1.69173571428571,13.9976071428571
16223,2023-02-24 21:25:36,80.7656285714286,21.2905428571429,1.62197142857143,13.9870142857143
16224,2023-02-24 21:31:03,83.3721,21.642225,2.04830416666667,14.5601041666667
16225,2023-02-25 21:47:03,75.5688133333333,20.30822,1.95622666666667,15.1457933333333
16226,2023-02-25 21:57:52,71.8714,19.32,2.8153,15.541
16227,2023-02-25 21:59:33,77.0169090909091,20.5987909090909,1.50054545454545,13.9928363636364
16228,2023-02-25 22:07:54,76.6219,20.3546,1.8642,14.1371
16229,2023-02-25 22:11:40,82.5514,21.5178461538462,2.3774,15.3611153846154
16230,2023-02-25 22:21:23,74.0091833333333,19.9459166666667,2.36903333333333,15.1044333333333
16231,2023-02-25 22:26:37,82.847025,21.81215,1.94371666666667,15.0931583333333
16232,2023-02-25 22:36:34,75.78336,20.22129,1.82505,14.27896
16233,2023-02-25 22:47:57,79.632905,21.003455,1.873335,14.37389
16234,2023-02-25 23:02:19,82.9519058823529,21.7481,1.67267529411765,14.4149294117647
16235,2023-02-25 23:14:25,83.967425,21.896325,1.916725,14.763925
16236,2023-02-25 23:18:22,84.9787857142857,22.2738285714286,1.99687142857143,15.6343
16237,2023-02-25 23:24:02,85.205225,22.19995,2.0209,15.5601
16238,2023-02-25 23:27:39,88.1636333333333,22.6779,1.6349,14.1274333333333
16239,2023-02-25 23:30:48,81.7908344827586,21.453924137931,2.43976896551724,15.2985482758621
16240,2023-02-25 23:50:50,83.8008428571429,21.8763714285714,2.12674285714286,15.2175571428571
16241,2023-02-25 23:57:19,76.6147423076923,20.3112384615385,2.11436153846154,14.7086076923077
16242,2023-02-26 00:15:07,77.8707166666667,20.4547666666667,1.86768333333333,14.65205
16243,2023-02-26 00:20:07,74.608012,20.02572,2.012736,15.002776
16244,2023-02-26 00:37:23,74.0562,19.93185,2.12532857142857,15.2546142857143
16245,2023-02-26 00:49:04,71.3653,19.61305,2.16275,14.55355
16246,2023-02-26 00:51:45,79.1894615384615,20.9932,2.43592307692308,14.7875769230769
16247,2023-02-26 01:00:57,86.25801,22.35944,1.92961,14.80359
16248,2023-02-26 01:08:32,86.9343,22.5971,2.04780434782609,15.2956347826087
16249,2023-02-26 01:24:03,86.840375,22.6316,2.1373,14.725425
16250,2023-02-26 01:27:43,85.8883571428571,22.2077857142857,1.77267142857143,14.6947428571429
16251,2023-02-26 01:33:30,88.0916666666667,22.80275,1.6544,14.7742166666667
16252,2023-02-26 01:38:16,83.547825,21.7796,2.025025,14.2652
16253,2023-02-26 01:41:49,77.8745884615385,20.5225730769231,2.32926538461538,15.0851153846154
16254,2023-02-25 02:07:01,78.99995,20.7696071428571,2.21248571428571,15.0228571428571
16255,2023-02-25 02:13:45,79.6624172413793,20.968224137931,1.39915896551724,13.4971413793103
16256,2023-02-25 02:33:11,80.2291470588235,21.1506647058824,1.57887647058824,13.5700705882353
16257,2023-02-25 02:45:14,80.0184,21.0532590909091,1.97617727272727,14.6159181818182
16258,2023-02-25 03:01:08,80.0357769230769,20.9986307692308,1.66936423076923,13.5610615384615
16259,2023-02-25 03:19:43,71.8530238095238,19.5354142857143,2.35885380952381,15.6523428571429
16260,2023-02-25 03:35:34,76.41598,20.18414,2.08732,15.57882
16261,2023-02-25 03:41:22,81.6328388888889,21.3602444444444,1.7373,14.2296055555556
16262,2023-02-25 03:54:45,75.3434,20.0524,1.572225,13.991775
16263,2023-02-25 03:58:17,72.5958083333333,19.5988666666667,1.53106666666667,13.4781083333333
16264,2023-02-25 04:06:48,79.2041428571429,21.0227142857143,1.50391428571429,14.0826285714286
16265,2023-02-25 04:12:15,74.2324,19.8001666666667,1.72883333333333,13.6849666666667
16266,2023-02-25 04:15:32,80.7827846153846,21.2062192307692,1.77353076923077,14.7021769230769
16267,2023-02-25 04:33:43,72.40511,19.530275,1.65284,13.799745
16268,2023-02-25 04:48:00,79.76778,21.05308,1.55245333333333,14.2559466666667
16269,2023-02-25 04:58:26,80.6994,21.2869,1.7516,14.24595
16270,2023-02-25 05:01:58,75.0548826086956,20.1028391304348,1.6690652173913,14.1004739130435
16271,2023-02-25 05:19:50,73.11885,19.5101,1.5714,13.8302
16272,2023-02-25 05:22:35,78.9335076923077,20.8727076923077,2.1875,15.0281846153846
16273,2023-02-25 05:32:48,75.830475,20.4181125,2.1124125,15.86645
16274,2023-02-25 05:39:02,81.7261071428571,21.4741142857143,1.81622857142857,14.4280142857143
16275,2023-02-25 05:48:50,79.610925,21.5952,1.991925,13.736125
16276,2023-02-25 05:54:48,76.0263095238095,20.321319047619,1.63631333333333,14.2951238095238
16277,2023-02-25 06:09:14,74.814075,19.994725,1.754225,14.187625
16278,2023-02-25 06:12:46,69.94963,19.02111,1.6661,13.72322
16279,2023-02-25 06:20:30,75.8834870967742,20.0332838709677,2.35988064516129,14.8424483870968
16280,2023-02-25 06:41:15,75.5136125,19.9291875,2.33565625,15.0125875
16281,2023-02-25 06:52:17,74.2818318181818,19.8854045454545,2.26486818181818,15.0771045454545
16282,2023-02-25 07:07:09,81.04615,21.495725,1.72985,14.192775
16283,2023-02-25 07:10:56,84.1041666666667,21.9569,1.6202,13.7963
16284,2023-02-25 07:14:18,80.8482076923077,21.3421846153846,1.25221307692308,13.7241615384615
16285,2023-02-25 07:23:55,77.5999125,20.6062875,1.2714775,13.86405
16286,2023-02-25 07:30:01,75.5254058823529,20.1869352941176,1.7945,14.0174294117647
16287,2023-02-25 07:42:10,81.0684346153846,21.2994038461538,2.17841923076923,14.8398384615385
16288,2023-02-25 08:01:40,81.6543769230769,21.5005769230769,2.08231538461538,15.0392
16289,2023-02-25 08:11:11,81.26285,21.408525,2.13595,14.857575
16290,2023-02-25 08:14:54,70.89945,19.3414545454545,2.33382727272727,15.2435954545455
16291,2023-02-25 08:31:02,71.0978739130435,19.4093173913043,2.26019130434783,15.3097913043478
16292,2023-02-25 08:48:54,69.70422,19.20874,1.931704,16.78082
16293,2023-02-25 08:54:54,78.402315,20.732745,1.6263005,13.96413
16294,2023-02-25 09:09:25,78.4288041666667,20.8737791666667,1.91692291666667,14.4799458333333
16295,2023-02-25 09:26:26,75.5738,20.1931076923077,1.87256153846154,14.3966307692308
16296,2023-02-25 09:36:55,76.9928681818182,20.2967454545455,2.11871681818182,14.2081409090909
16297,2023-02-25 09:51:57,74.88445,19.86415,2.321125,14.68255
16298,2023-02-25 09:55:39,80.7674333333333,21.2068333333333,2.22063333333333,15.2577
16299,2023-02-25 09:58:59,79.2772333333333,21.5918666666667,1.93283333333333,16.2426333333333
16300,2023-02-25 10:02:59,67.63615,17.84725,2.8447,14.6984
16301,2023-02-25 10:05:26,73.2644833333333,19.6969833333333,2.12748333333333,14.9679166666667
16302,2023-02-25 10:10:14,74.9579647058823,20.0175294117647,1.88346470588235,14.6618941176471
16303,2023-02-25 10:22:03,69.39285,18.9785333333333,1.92863888888889,14.2307444444444
16304,2023-02-25 10:35:34,73.1189411764706,19.8125,2.3365,15.8396705882353
16305,2023-02-25 10:47:14,79.900075,21.0991375,1.8019125,14.1905
16306,2023-02-25 10:53:22,76.5857,20.3924111111111,2.18536666666667,14.7868777777778
16307,2023-02-25 11:01:44,80.1043,21.3311,2.0428,14.83385
16308,2023-02-25 11:06:40,82.5216916666667,21.6948,1.39587666666667,14.205175
16309,2023-02-25 11:15:10,71.36525,19.218475,1.84015,13.707875
16310,2023-02-25 11:18:43,80.9800818181818,21.3264272727273,1.52562727272727,14.2344090909091
16311,2023-02-25 11:26:35,71.8614055555555,19.3577777777778,1.81167777777778,13.9513055555556
16312,2023-02-25 11:39:36,72.941475,19.544775,1.6507,13.836025
16313,2023-02-25 11:43:24,86.6688785714286,22.43835,1.77744285714286,14.7352071428571
16314,2023-02-25 11:53:56,79.6677571428571,20.8474857142857,1.97499285714286,14.4245071428571
16315,2023-02-25 12:14:13,80.1470181818182,20.9540818181818,2.06835454545455,14.7085727272727
16316,2023-02-25 12:22:12,80.019305,21.372505,2.35022,15.95777
16317,2023-02-25 12:37:30,75.5857666666667,20.3651666666667,2.20526666666667,15.8678666666667
16318,2023-02-25 12:40:53,85.9513347826087,22.267,1.84094347826087,14.6553
16319,2023-02-25 12:57:21,85.3912666666667,22.2511666666667,2.0588,14.8869333333333
16320,2023-02-25 13:02:58,81.3820833333333,21.3138666666667,1.55233333333333,14.5203666666667
16321,2023-02-25 13:07:48,82.477675,21.700575,2.012675,15.170025
16322,2023-02-25 13:12:50,84.9749,22.27925,1.59088333333333,14.9274
16323,2023-02-25 13:19:19,84.9824666666667,22.1849,2.06083333333333,15.6896333333333
16324,2023-02-25 13:22:24,75.8166692307692,20.2158384615385,2.14625384615385,14.3920846153846
16325,2023-02-25 13:33:49,77.3054,20.4032,2.06056666666667,14.7138
16326,2023-02-25 13:37:10,78.366805,20.737415,1.923675,14.521515
16327,2023-02-25 13:50:54,76.114608,20.266992,1.977516,14.6909
16328,2023-02-25 14:07:34,80.1311833333333,21.22295,2.0966,14.6924166666667
16329,2023-02-25 14:12:59,78.165525,20.671075,2.120225,14.4275
16330,2023-02-25 14:16:30,79.3992,20.9256428571429,1.95529047619048,14.3979571428571
16331,2023-02-25 14:31:47,79.68495,21.07355,1.7851,14.6766833333333
16332,2023-02-25 14:36:42,78.0762941176471,20.6416470588235,1.91622352941176,14.5548647058824
16333,2023-02-25 14:48:38,85.5067148148148,22.2276259259259,1.61408148148148,14.4553777777778
16334,2023-02-25 15:07:09,86.2930666666667,22.3485571428571,1.41301285714286,14.2126476190476
16337,2023-02-25 15:23:16,76.7284571428571,20.2634142857143,2.53955714285714,15.5889571428571
16338,2023-02-25 15:28:42,80.9512363636364,21.2964227272727,2.15453181818182,15.3091909090909
16339,2023-02-25 15:44:08,80.586275,21.1735,1.986575,14.7521
16340,2023-02-25 15:47:42,84.5694571428571,22.0261142857143,1.80607142857143,14.7200857142857
16341,2023-02-25 15:53:18,83.7287,21.6814,1.9025125,15.05045
16342,2023-02-25 15:59:46,82.4869666666667,21.5339666666667,1.71226666666667,15.0576
16343,2023-02-25 16:03:25,83.419025,21.749275,1.713975,14.99465
16344,2023-02-25 16:07:10,83.7526,22.014175,1.7709,15.19135
16345,2023-02-25 16:10:57,83.3030777777778,21.7385592592593,1.94797777777778,14.5024925925926
16346,2023-02-25 16:29:34,81.7653461538462,21.5433769230769,1.92535384615385,14.5720692307692
16347,2023-02-25 16:38:46,77.3724375,20.5982333333333,2.31175833333333,16.0927125
16348,2023-02-25 16:58:41,76.3499,20.7312,2.5407,15.9988
16349,2023-02-25 17:00:41,78.895525,20.78625,2.100475,14.818975
16350,2023-02-25 17:04:14,78.9355761904762,20.8899761904762,2.1075,15.1622333333333
16351,2023-02-25 17:19:01,72.6662714285714,19.6725928571429,1.68022857142857,14.3360785714286
16352,2023-02-25 17:30:01,81.99802,21.51738,1.40228,14.1093533333333
16353,2023-02-25 17:41:31,74.758625,19.97055,2.837925,15.663925
16354,2023-02-25 17:45:15,78.20282,20.68588,2.64968,15.6884
16355,2023-02-25 17:50:56,87.6305,22.7138692307692,1.31371769230769,14.1347307692308
16356,2023-02-25 18:00:05,80.674872,21.254596,1.7848,14.531332
16357,2023-02-25 18:20:02,79.09855,21.015825,2.07205,15.1554
16358,2023-02-25 18:23:44,85.684725,22.256075,1.67715,14.68905
16359,2023-02-25 18:27:17,81.730275,21.4113,1.9213875,14.6849125
16360,2023-02-25 18:33:22,86.8112357142857,22.5072642857143,1.81552142857143,14.79365
16361,2023-02-25 18:43:31,87.7997,22.4113,1.6422,14.3736
16362,2023-02-25 18:45:17,87.274075,22.5259583333333,1.84174583333333,14.7885166666667
16363,2023-02-25 19:02:04,86.1731666666667,22.3723583333333,1.93606666666667,14.914625
16364,2023-02-25 19:11:46,83.9415,22.01525,1.45752222222222,13.6788888888889
16365,2023-02-25 19:25:19,86.15686,22.47142,1.57666,14.34904
16366,2023-02-25 19:29:28,82.39732,21.59758,1.81382,14.24528
16367,2023-02-25 19:33:36,81.9427764705882,21.5256470588235,1.59052352941176,14.2817705882353
16368,2023-02-25 19:48:45,86.6684333333333,22.5668333333333,1.71143333333333,14.6131
16369,2023-02-25 19:51:45,78.206075,20.8462125,1.98321666666667,14.6569333333333
16370,2023-02-25 20:08:55,74.29634,19.9899066666667,2.15801333333333,15.3452066666667
16371,2023-02-25 20:19:51,83.158,21.5158,1.73425,13.868275
16372,2023-02-25 20:23:33,84.6026095238095,22.062080952381,1.9220619047619,14.8892142857143
16373,2023-02-25 20:38:56,82.5019846153846,21.6591115384615,2.13048076923077,14.9554884615385
16374,2023-02-25 20:56:32,81.6059470588235,21.5182117647059,2.57362352941176,15.6237882352941
16375,2023-02-25 21:09:46,73.0339095238095,19.7068952380952,2.09269047619048,14.8445285714286
16376,2023-02-25 21:24:19,81.5743888888889,21.3184555555556,2.09353333333333,14.8623888888889
16377,2023-02-25 21:32:06,80.1882538461538,21.0906384615385,2.01356153846154,14.7794461538462
16378,2023-02-25 21:42:30,80.39378,21.04712,2.09484,15.21984
16379,2023-02-25 21:48:41,82.68554,21.569575,1.770065,13.989445
16380,2023-02-25 22:03:44,81.582925,21.280325,2.37175,14.76385
16381,2023-02-25 22:07:43,80.2516928571429,21.0362357142857,2.07449642857143,14.2925178571429
16382,2023-02-25 22:26:18,81.1581363636364,21.1720909090909,2.04028181818182,14.2738090909091
16383,2023-02-25 22:34:35,77.5514,20.4491833333333,2.07398333333333,14.5916666666667
16384,2023-02-25 22:39:28,78.1936925925926,20.5241703703704,2.47773703703704,15.3381888888889
16385,2023-02-25 22:57:31,79.72242,20.7459,2.28718,15.1239
16386,2023-02-25 23:02:05,81.5300076923077,21.5540692307692,1.86106153846154,15.2223384615385
16387,2023-02-25 23:12:49,87.3319214285714,22.5473535714286,1.69661785714286,14.5972321428571
16388,2023-02-25 23:31:50,88.1699166666667,22.649,1.58468333333333,14.5883
16389,2023-02-25 23:38:08,81.6297,21.4814090909091,1.52121818181818,15.0372454545455
16390,2023-02-25 23:47:33,85.78695,22.447,1.64275,14.7123
16392,2023-02-26 01:44:13,80.4287,21.2974,1.54675,12.9436
16393,2023-02-26 01:47:02,78.0002875,20.6999125,1.5547125,13.7867625
16394,2023-02-26 01:54:07,80.5708741935484,21.1767225806452,2.16912258064516,14.970335483871
16395,2023-02-26 02:15:03,78.7119222222222,20.6995296296296,2.40978518518519,15.264062962963
16396,2023-02-26 02:33:18,84.2325434782609,21.9720347826087,1.87894347826087,14.5415739130435
16397,2023-02-26 02:49:55,80.6104769230769,21.1642846153846,1.80941153846154,14.2485461538462
16398,2023-02-26 03:08:20,83.0755833333333,21.6279333333333,1.83305,14.3917166666667
16399,2023-02-26 03:13:09,79.37745,20.90785625,1.674225,13.99955625
16400,2023-02-26 03:24:14,84.0828857142857,21.8957666666667,1.98799523809524,14.7587380952381
16401,2023-02-26 03:38:25,73.6494333333333,19.7972933333333,2.2054,15.3746466666667
16402,2023-02-26 03:49:05,77.8252565217391,20.6646695652174,2.22285652173913,15.2713652173913
16403,2023-02-26 04:05:52,83.3173333333333,21.8092,1.76373333333333,14.6782666666667
16404,2023-02-26 04:11:34,86.9949,22.6842,1.4172,13.7251
16405,2023-02-26 04:13:21,83.9611931034483,21.7423965517241,1.65007586206897,13.7743068965517
16406,2023-02-26 04:33:40,82.68175,21.0657,2.2194,14.1758
16407,2023-02-26 04:37:37,79.4712086956522,21.034752173913,1.74463043478261,13.7859782608696
16408,2023-02-26 04:53:04,80.3445714285714,21.1244142857143,1.85668095238095,14.1249619047619
16409,2023-02-26 05:07:31,76.7555,20.4594666666667,2.11662083333333,15.806
16410,2023-02-26 05:23:37,77.1062857142857,20.626,2.2268,16.1660428571429
16411,2023-02-26 05:29:18,83.3085444444444,21.6582055555556,1.86804444444444,14.3139944444444
16413,2023-02-26 05:42:23,74.4534045454545,20.1045272727273,1.78507727272727,14.1962181818182
16414,2023-02-26 05:57:08,79.3055333333333,20.9207,2.0924,14.8022333333333
16415,2023-02-26 06:00:39,73.8521782608696,19.983352173913,1.8781,14.6050434782609
16416,2023-02-26 06:17:15,75.1753,20.2194315789474,1.85828947368421,14.5649368421053
16417,2023-02-26 06:35:26,76.15522,20.3469,1.71484,14.055
16418,2023-02-26 06:39:47,75.7874909090909,20.3631181818182,1.68027272727273,14.4256363636364
16419,2023-02-26 06:47:46,79.2344818181818,20.7511090909091,2.15865454545455,14.21215
16420,2023-02-26 07:03:03,78.0982857142857,20.6868428571429,1.992,14.6205714285714
16421,2023-02-26 07:08:31,77.5471,20.5943666666667,1.8632,14.7596666666667
16422,2023-02-26 07:13:37,83.1729407407407,21.8446148148148,1.76948888888889,14.6574074074074
16423,2023-02-26 07:31:48,84.8601947368421,22.1289210526316,1.55880842105263,14.2969736842105
16424,2023-02-26 07:44:45,82.8266684210526,21.7663210526316,1.83472105263158,14.7146052631579
16425,2023-02-26 07:57:37,81.038575,21.5338,1.55565,14.3508875
16426,2023-02-26 08:03:40,81.1070851851852,21.4148259259259,1.11248481481481,13.5132
16427,2023-02-26 08:22:56,82.6057826086956,21.637952173913,1.55063434782609,13.9220304347826
16428,2023-02-26 08:39:37,81.941275,21.61785,1.6791,13.7357
16429,2023-02-26 08:43:26,77.9430363636364,20.7947863636364,2.11913181818182,15.2277636363636
16430,2023-02-26 08:58:18,76.044276,20.246176,2.066656,14.670688
16431,2023-02-26 09:15:29,76.4661307692308,20.4118153846154,1.86460384615385,14.3453153846154
16433,2023-02-26 09:34:39,74.7821846153846,20.0825923076923,2.09156923076923,15.0935230769231
16434,2023-02-26 09:43:46,76.40094,20.4233533333333,1.81942,14.09532
16435,2023-02-26 09:54:21,80.8724095238095,21.2055333333333,2.02910476190476,14.4815238095238
16436,2023-02-26 10:08:48,68.6343,18.6868666666667,2.52173333333333,16.0248333333333
16437,2023-02-26 10:11:50,73.8661565217391,19.8401608695652,2.2198347826087,15.5163869565217
16438,2023-02-26 10:28:50,68.7083,18.3572,2.1541,14.3615
16439,2023-02-26 10:31:58,74.6026333333333,20.0548375,2.27534166666667,15.5702791666667
16440,2023-02-26 10:48:11,83.50006,21.68616,2.16326,15.79884
16441,2023-02-26 10:52:23,76.094525,20.438875,1.89185,14.4661
16442,2023-02-26 10:55:58,81.087188,21.262564,2.028212,15.262936
16443,2023-02-26 11:12:50,80.898775,21.279525,1.8623,15.0032
16444,2023-02-26 11:16:24,76.343,20.2304857142857,2.52250357142857,15.3620464285714
16445,2023-02-26 11:34:22,76.3530185185185,20.1954851851852,2.34537037037037,15.2318296296296
16446,2023-02-26 11:52:06,74.9781,19.8637,1.677,14.7164
16448,2023-02-26 11:54:38,74.7004875,19.9682625,1.9657125,14.55285
16449,2023-02-26 12:01:23,75.70996,20.26206,1.6801,14.162
16450,2023-02-26 12:05:41,70.8218764705882,19.1513647058824,1.71515882352941,13.8013705882353
16451,2023-02-26 12:16:46,74.3372,20.0581,2.05295,15.02005
16452,2023-02-26 12:22:55,84.1430733333333,21.9007,1.8452,14.9911266666667
16453,2023-02-26 12:35:02,83.9909777777778,21.9044888888889,2.16541111111111,15.5179111111111
16454,2023-02-26 12:41:34,85.517825,22.2193,1.782,15.324
16455,2023-02-26 12:45:05,83.7918571428571,21.8969357142857,1.90857142857143,15.2956214285714
16456,2023-02-26 12:57:52,84.5531214285714,22.1069357142857,1.58531785714286,14.8126964285714
16457,2023-02-26 13:15:31,75.9081818181818,20.4229454545455,2.27522727272727,15.3322272727273
16458,2023-02-26 13:23:03,77.0545526315789,20.4272631578947,2.09431052631579,14.6162052631579
16459,2023-02-26 13:35:09,76.7960692307692,20.4012692307692,2.09974615384615,14.7172769230769
16460,2023-02-26 13:44:07,77.54985,20.4891333333333,2.27375,14.9666666666667
16461,2023-02-26 13:48:39,79.30785,20.80362,2.08374,14.51927
16462,2023-02-26 13:55:26,81.0987888888889,21.1336277777778,2.15315555555556,14.4360111111111
16463,2023-02-26 14:08:46,85.3797071428571,22.2372428571429,1.57289392857143,14.3376357142857
16464,2023-02-26 14:26:43,82.6476,21.6777,1.681975,14.469075
16465,2023-02-26 14:30:18,82.13128,21.55808,1.8096,14.16136
16466,2023-02-26 14:35:07,75.3148625,20.314125,2.313275,15.41715
16467,2023-02-26 14:40:45,85.25918,22.2407666666667,1.97015333333333,14.6533466666667
16468,2023-02-26 14:52:07,76.7218916666667,20.4034916666667,1.84124166666667,14.0147916666667
16469,2023-02-26 15:00:36,82.2890692307692,21.4571461538462,2.2362,14.7908692307692
16470,2023-02-26 15:09:27,77.2207185185185,20.5014703703704,2.08402962962963,14.694
16471,2023-02-26 15:26:57,79.27278,21.25288,2.49148,15.08334
16472,2023-02-26 15:31:12,82.55829,21.60431,2.05766,15.08852
16473,2023-02-26 15:38:57,84.130325,21.825075,1.991575,15.0376
16474,2023-02-26 15:42:34,81.3534,21.2915230769231,1.74724615384615,14.6227923076923
16475,2023-02-26 17:00:55,81.2685631578947,21.2895157894737,2.19444736842105,15.3302105263158
16476,2023-02-26 17:14:39,84.0707166666667,21.7883166666667,2.27834166666667,15.4139916666667
16477,2023-02-26 17:22:54,80.799025,21.065025,2.21055,15.33695
16478,2023-02-26 17:26:29,76.6573142857143,20.41955,2.00847857142857,15.0856
16479,2023-02-26 17:36:09,84.78889,22.12122,1.80605,14.45783
16480,2023-02-26 17:42:50,83.5264166666667,21.81897,1.85796,14.9504166666667
16481,2023-02-26 18:02:32,84.368456,22.05382,1.8036432,14.9987
16482,2023-02-26 18:19:56,75.3253,20.1345666666667,1.70006666666667,14.6778
16483,2023-02-26 18:23:06,71.3792565217391,19.3798434782609,1.81977826086957,14.2731086956522
16484,2023-02-26 18:44:02,72.86344,19.50074,1.61894,14.14768
16485,2023-02-26 18:47:59,73.497775,19.7198,1.779825,14.27
16486,2023-02-26 18:52:00,83.5707722222222,21.8892944444444,1.89345555555556,14.9060777777778
16487,2023-02-26 19:04:26,73.8786791666667,19.8635583333333,2.23372916666667,15.2132708333333
16488,2023-02-26 19:20:17,79.3710375,20.9552541666667,1.95720708333333,14.5476625
16489,2023-02-26 19:36:45,79.1074333333333,20.9128222222222,1.77016666666667,14.0477388888889
16491,2023-02-26 19:49:41,83.0091,21.6876333333333,2.00316666666667,14.7578083333333
16492,2023-02-26 19:57:59,81.3071666666667,21.2807,1.8729,16.0369666666667
16493,2023-02-26 20:01:48,75.8764363636364,20.2526409090909,2.25236818181818,15.5832409090909
16494,2023-02-26 20:16:16,81.7007047619048,21.4832761904762,1.87964761904762,14.873019047619
16495,2023-02-26 20:30:16,77.9161555555555,20.8079,1.8805,14.5552111111111
16496,2023-02-26 20:37:47,72.98163,19.56526,1.78125,14.11682
16497,2023-02-26 20:45:52,75.1366307692308,20.0010807692308,1.99401923076923,14.6856
16498,2023-02-26 21:03:15,72.8449233333333,19.6482333333333,2.20318,14.8544
16499,2023-02-26 21:23:34,69.5526833333333,19.0279833333333,2.30355,15.5538666666667
16500,2023-02-26 21:29:12,88.4351,22.5092,1.9339,13.9972
16501,2023-02-26 21:32:36,84.5432,22.09702,1.53116,14.3316
16502,2023-02-27 21:36:30,76.447472,20.413124,2.046568,14.376892
16503,2023-02-27 21:53:09,77.51542,20.522604,2.000412,14.348104
16504,2023-02-27 22:09:09,73.364525,19.6907321428571,2.10415714285714,14.6093714285714
16505,2023-02-27 22:26:48,74.4634,20.6621,2.8395,16.333125
16506,2023-02-26 22:31:27,79.0744264705882,20.8713088235294,2.30829705882353,15.1325529411765
16507,2023-02-26 22:51:46,79.2979833333333,20.8409,2.28115,15.31165
16508,2023-02-26 22:59:49,77.2795,20.52072,1.70018,14.03438
16509,2023-02-26 23:03:52,77.242,20.77284,2.04964,15.3461
16510,2023-02-26 23:07:53,80.29829,21.2005633333333,2.02197333333333,15.0277733333333
16511,2023-02-26 23:26:06,77.627725,20.61865,2.20465,15.44095
16512,2023-02-26 23:29:31,86.06914,22.3455,1.8443,14.99586
16513,2023-02-26 23:33:22,82.5189666666667,21.60855,1.9107,14.63965
16514,2023-02-26 23:38:34,82.2943923076923,21.5226538461538,1.78643076923077,14.9385615384615
16515,2023-02-26 23:47:33,76.6183705882353,20.3601117647059,2.41448235294118,15.2643
16516,2023-02-26 23:58:56,78.4344333333333,20.8073333333333,2.05486666666667,14.9079333333333
16517,2023-02-27 00:01:53,78.1722434782609,20.7601130434783,1.64865217391304,14.091847826087
16518,2023-02-27 00:17:06,78.8255,20.7987,1.3496,13.9213
16519,2023-02-27 00:19:04,80.9610714285714,21.4571,1.7035,14.0841
16520,2023-02-27 00:24:17,76.0292625,20.3768,1.69366875,14.1744375
16521,2023-02-27 00:36:17,77.7132714285714,20.6844142857143,1.64665714285714,14.2107285714286
16522,2023-02-27 00:41:38,76.6119333333333,20.4222083333333,1.74233333333333,14.3959666666667
16523,2023-02-27 00:49:40,86.9597909090909,22.4156181818182,1.68998181818182,14.7653
16524,2023-02-27 00:57:27,79.6358580645161,21.0354032258065,2.20567741935484,15.6256096774194
16525,2023-02-27 01:16:32,83.245525,21.81235,2.0626,15.3421
16526,2023-02-27 01:20:19,83.4496857142857,21.9368071428571,2.03710714285714,14.843
16527,2023-02-27 01:29:30,71.3749541666667,19.3562291666667,2.29399166666667,15.8104083333333
16528,2023-02-27 01:44:16,71.025275,19.313875,2.251925,15.83305
16529,2023-02-27 01:47:34,86.075290625,22.35313125,1.696528125,14.544290625
16530,2023-02-27 02:06:46,84.2960090909091,21.9605636363636,2.16509545454545,15.3458454545455
16531,2023-02-27 02:20:37,82.5080068965517,21.5469586206897,2.05271724137931,15.1276310344828
16532,2023-02-27 02:39:26,83.7306586206897,21.8400827586207,2.15683448275862,15.3092137931034
16533,2023-02-27 02:56:40,81.9179133333333,21.52692,1.76895333333333,15.2781933333333
16534,2023-02-27 03:07:08,80.2668458333333,21.2081875,1.780325,15.309075
16535,2023-02-27 03:22:04,88.4414387096774,22.9372838709677,1.53365,15.1043193548387
16536,2023-02-27 03:42:30,83.27229375,21.83875625,1.4218675,13.86234375
16537,2023-02-27 04:02:10,81.6758045454545,21.4746772727273,1.40066863636364,13.6660636363636
16538,2023-02-27 04:16:21,77.51069,20.62774,1.85828,14.30421
16539,2023-02-27 04:23:27,81.6633117647059,21.5833647058824,1.56727058823529,14.9765705882353
16540,2023-02-27 04:50:05,79.2737,21.3463,1.8379,14.2435
16541,2023-02-27 04:51:42,79.55978,21.1682333333333,1.30166266666667,14.1749733333333
16542,2023-02-27 05:02:18,79.9653266666667,21.23638,2.39342,16.0956866666667
16543,2023-02-27 05:12:01,88.2321,22.86022,1.82828,15.05962
16544,2023-02-27 05:15:55,73.3355904761905,19.981,2.0854380952381,15.8695666666667
16545,2023-02-27 05:29:19,74.7584466666667,20.14312,2.13774,15.10668
16546,2023-02-27 05:39:30,75.34625,20.2765,2.888375,16.078325
16547,2023-02-27 05:42:55,79.53732,20.98795,2.30646,14.99573
16548,2023-02-27 05:50:09,74.66416,20.1257933333333,1.74154666666667,14.3187266666667
16549,2023-02-27 06:00:42,77.8953307692308,20.7587153846154,1.86424615384615,15.0344692307692
16550,2023-02-27 06:09:08,76.2888,20.43505,1.96665,15.3574
16552,2023-02-27 07:08:05,71.8511666666667,19.3753666666667,2.24916666666667,15.0624333333333
16553,2023-02-27 07:10:54,74.38418,19.77694,2.6279,14.58172
16554,2023-02-27 07:15:08,84.4076739130435,22.3095217391304,2.0949347826087,15.1722130434783
16555,2023-02-27 07:34:11,83.9632333333333,21.9505,2.0508,15.1063666666667
16556,2023-02-27 07:37:45,74.0910111111111,20.0208666666667,1.76594444444444,14.5648740740741
16557,2023-02-27 07:56:34,75.0497,20.28695,2.053625,14.93075
16558,2023-02-27 08:00:27,75.8246619047619,20.2983523809524,2.32957619047619,15.7717476190476
16559,2023-02-27 08:16:23,81.2866962962963,21.4481777777778,1.8562,14.7234037037037
16560,2023-02-27 08:35:29,82.57332,21.72211,1.85223,14.74805
16561,2023-02-27 08:44:03,83.4253,21.951225,2.10635,15.127575
16562,2023-02-27 08:47:49,76.6820555555556,20.5523888888889,1.95775555555556,14.7053111111111
16563,2023-02-27 08:55:38,77.5411,20.6779733333333,1.67502,13.7722066666667
16564,2023-02-27 09:07:41,76.0804625,20.2452875,1.685125,13.987125
16565,2023-02-27 09:14:16,76.53225,20.49681,2.3266,15.74317
16566,2023-02-27 09:21:48,74.884745,20.171295,2.08015,15.128895
16567,2023-02-27 09:35:58,74.9966333333333,20.0703666666667,1.63583333333333,14.257
16568,2023-02-27 09:38:53,78.6683857142857,20.9668,2.05672857142857,15.0104857142857
16569,2023-02-27 09:44:33,74.461525,20.46515,2.4501,15.640375
16570,2023-02-27 09:48:17,79.6954388888889,21.0641222222222,2.38381666666667,15.3932388888889
16571,2023-02-27 10:01:26,75.9940636363636,20.4261636363636,2.36265,15.4224181818182
16572,2023-02-27 10:17:36,75.6383384615385,20.1562961538462,2.23757307692308,14.8404269230769
16573,2023-02-27 10:35:10,79.33372,20.86434,2.71152,15.78094
16574,2023-02-27 10:43:27,74.8312846153846,19.9079153846154,2.65923461538462,15.2696846153846
16575,2023-02-27 11:00:41,75.9944333333333,20.22032,2.50634666666667,15.1821866666667
16576,2023-02-27 11:11:33,80.5266916666667,21.091,2.17195,14.8920833333333
16577,2023-02-27 11:22:18,81.366580952381,21.2479285714286,1.94492857142857,15.0397619047619
